[
  {
    "Location": "Hoddle Street at the intersection of Hoddle Street and Victoria Street, Abbotsford",
    "Suburb": "Abbotsford"
  },
  {
    "Location": "Blackshaws Road at the intersection of Blackshaws Road and Millers Road, Altona North",
    "Suburb": "Altona North"
  },
  {
    "Location": "Kooyong Road at the intersection of Kooyong Road and Dandenong Road, Armadale",
    "Suburb": "Armadale"
  },
  {
    "Location": "Kooyong Road at the intersection of Kooyong Road and Malvern Road, Armadale",
    "Suburb": "Armadale"
  },
  {
    "Location": "Wells Road at the intersection of Wells Road and Palm Grove Boulevard, Aspendale Gardens",
    "Suburb": "Aspendale Gardens"
  },
  {
    "Location": "Wells Road at the intersection of Wells Road and Nurten Parade, Aspendale Gardens",
    "Suburb": "Aspendale Gardens"
  },
  {
    "Location": "Whitehorse Road at the intersection of Whitehorse Road and Burke Road, Balwyn",
    "Suburb": "Balwyn"
  },
  {
    "Location": "Balwyn Road at the intersection of Balwyn Road and Whitehorse Road, Balwyn",
    "Suburb": "Balwyn"
  },
  {
    "Location": "Doncaster Road at the intersection of Doncaster Road and Gardenia Road, Balwyn North",
    "Suburb": "Balwyn North"
  },
  {
    "Location": "Scoresby Road at the intersection of Scoresby Road and Mountain Highway, Bayswater",
    "Suburb": "Bayswater"
  },
  {
    "Location": "Dorset Road at the intersection of Dorset Road and Canterbury Road, Bayswater North",
    "Suburb": "Bayswater North"
  },
  {
    "Location": "Canterbury Road at the intersection of Canterbury Road and Bayswater Road, Bayswater North",
    "Suburb": "Bayswater North"
  },
  {
    "Location": "At the intersection of Thompson Road and Separation Street, Bell Park",
    "Suburb": "Bell Park"
  },
  {
    "Location": "At the intersection of Settlement Road and Torquay Road, Belmont",
    "Suburb": "Belmont"
  },
  {
    "Location": "High Street at the intersection of High Street and Don Street, Bendigo",
    "Suburb": "Bendigo"
  },
  {
    "Location": "Centre Road at the intersection of Centre Road and Warrigal Road, Bentleigh East",
    "Suburb": "Bentleigh East"
  },
  {
    "Location": "Whitehorse Road at the intersection of Whitehorse Road and Surrey Road, Blackburn",
    "Suburb": "Blackburn"
  },
  {
    "Location": "Station Street at the intersection of Station Street and Thames Street, Box Hill",
    "Suburb": "Box Hill"
  },
  {
    "Location": "Elgar Road at the intersection of Elgar Road and Arnold Street, Box Hill",
    "Suburb": "Box Hill"
  },
  {
    "Location": "Whitehorse Road at the intersection of Whitehorse Road and Elgar Road, Box Hill",
    "Suburb": "Box Hill"
  },
  {
    "Location": "Canterbury Road at the intersection of Canterbury Road and Station Street, Box Hill",
    "Suburb": "Box Hill"
  },
  {
    "Location": "Middleborough Road at the intersection of Middleborough Road and Eastern Freeway, Box Hill North",
    "Suburb": "Box Hill North"
  },
  {
    "Location": "Springvale Road at the intersection of Springvale Road and Lower Dandenong Road, Braeside",
    "Suburb": "Braeside"
  },
  {
    "Location": "Duke Street at the intersection of Duke Street and Ballarat Road, Braybrook",
    "Suburb": "Braybrook"
  },
  {
    "Location": "At the intersection of Nepean Highway and Centre Road, Brighton East",
    "Suburb": "Brighton East"
  },
  {
    "Location": "Thomas Street at the intersection of Thomas Street and North Road, Brighton East",
    "Suburb": "Brighton East"
  },
  {
    "Location": "Melville Road at the intersection of Melville Road and Albion Street, Brunswick West",
    "Suburb": "Brunswick West"
  },
  {
    "Location": "At the intersection of Plenty Road and Kingsbury Drive, Bundoora",
    "Suburb": "Bundoora"
  },
  {
    "Location": "Warrigal Road at the intersection of Warrigal Road and Highbury Road, Burwood",
    "Suburb": "Burwood"
  },
  {
    "Location": "Blackburn Road at the intersection of Blackburn Road and Burwood Highway, Burwood East",
    "Suburb": "Burwood East"
  },
  {
    "Location": "Prospect Hill Road at the intersection of Prospect Hill Road and Burke Road, Camberwell",
    "Suburb": "Camberwell"
  },
  {
    "Location": "Glen Iris Road at the intersection of Glen Iris Road and Toorak Road, Camberwell",
    "Suburb": "Camberwell"
  },
  {
    "Location": "Seymour Grove at the intersection of Seymour Grove and Camberwell Road, Camberwell",
    "Suburb": "Camberwell"
  },
  {
    "Location": "Toorak Road at the intersection of Toorak Road and Burke Road, Camberwell",
    "Suburb": "Camberwell"
  },
  {
    "Location": "Hume Highway at the intersection of Hume Highway and Somerton Road, Campbellfield",
    "Suburb": "Campbellfield"
  },
  {
    "Location": "Sydney Road at the intersection of Sydney Road and Barry Road, Campbellfield",
    "Suburb": "Campbellfield"
  },
  {
    "Location": "Sydney Road at the intersection of Sydney Road and Mahoneys Road, Campbellfield",
    "Suburb": "Campbellfield"
  },
  {
    "Location": "Princes Street at the intersection of Princes Street and Rathdowne Street, Carlton",
    "Suburb": "Carlton"
  },
  {
    "Location": "Victoria Parade at the intersection of Victoria Parade and Nicholson Street, Carlton",
    "Suburb": "Carlton"
  },
  {
    "Location": "Nicholson Street at the intersection of Nicholson Street and Elgin Street, Carlton",
    "Suburb": "Carlton"
  },
  {
    "Location": "Royal Parade at the intersection of Royal Parade and Cemetery Road West, Carlton North ",
    "Suburb": "Carlton North"
  },
  {
    "Location": "Hall Road at the intersection of Hall Road and Dandenong-Frankston Road, Carrum Downs",
    "Suburb": "Carrum Downs"
  },
  {
    "Location": "Glen Eira Road at the intersection of Glen Eira Road and Kooyong Road, Caulfield",
    "Suburb": "Caulfield"
  },
  {
    "Location": "Hawthorn Road at the intersection of Hawthorn Road and Inkerman Road, Caulfield North",
    "Suburb": "Caulfield North"
  },
  {
    "Location": "Glen Eira Road at the intersection of Glen Eira Road and Kooyong Road, Caulfield North",
    "Suburb": "Caulfield North"
  },
  {
    "Location": "Dandenong Road at the intersection of Dandenong Road and Orrong Road, Caulfield North",
    "Suburb": "Caulfield North"
  },
  {
    "Location": "Warrigal Road at the intersection of Warrigal Road and Batesford Road, Chadstone",
    "Suburb": "Chadstone"
  },
  {
    "Location": "Warrigal Road at the intersection of Warrigal Road and Centre Dandenong Road, Cheltenham",
    "Suburb": "Cheltenham"
  },
  {
    "Location": "Park Road at the intersection of Park Road and Charman Road, Cheltenham",
    "Suburb": "Cheltenham"
  },
  {
    "Location": "CityLink, Burnley Tunnel approximately 2140 metres after tunnel entrance, Cremorne",
    "Suburb": "CityLink Burnley Tunnel Cremorne"
  },
  {
    "Location": "CityLink, Burnley Tunnel approximately 430 metres after tunnel entrance, Southbank",
    "Suburb": "CityLink Burnley Tunnel Southbank"
  },
  {
    "Location": "CityLink, Domain Tunnel approximately 725m after tunnel entrance, Melbourne",
    "Suburb": "CityLink Domain Tunnel Melbourne"
  },
  {
    "Location": "CityLink, Domain Tunnel, Southbank, approximately 1195 after tunnel entrance, Melbourne",
    "Suburb": "CityLink Domain Tunnel Melbourne"
  },
  {
    "Location": "Wellington Road at the intersection of Wellington Road and Blackburn Road, Clayton",
    "Suburb": "Clayton"
  },
  {
    "Location": "Centre Road at the intersection of Centre Road and Buckland Street, Clayton",
    "Suburb": "Clayton"
  },
  {
    "Location": "Centre Road at the intersection of Centre Road and Springs Road, Clayton South",
    "Suburb": "Clayton South"
  },
  {
    "Location": "At the intersection of Murray Road and Elizabeth Street, Coburg",
    "Suburb": "Coburg"
  },
  {
    "Location": "Gaffney Street at the intersection of Gaffney Street and Sydney Road, Coburg ",
    "Suburb": "Coburg"
  },
  {
    "Location": "Harding Street at the intersection of Harding Street and Sydney Road, Coburg",
    "Suburb": "Coburg"
  },
  {
    "Location": "Munro Street at the intersection of Munro Street and Sydney Road, Coburg",
    "Suburb": "Coburg"
  },
  {
    "Location": "Johnston Street at the intersection of Johnston Street and Wellington Street, Collingwood ",
    "Suburb": "Collingwood"
  },
  {
    "Location": "Hoodle Street at the intersection of Hoddle Street and John Street, Collingwood",
    "Suburb": "Collingwood"
  },
  {
    "Location": "Pascoe Vale Road at the intersection of Pascoe Vale Road and Reservoir Drive, Coolaroo",
    "Suburb": "Coolaroo"
  },
  {
    "Location": "At the intersection of Princes Highway and Station Street, Corio",
    "Suburb": "Corio"
  },
  {
    "Location": "South Gippsland Highway at the intersection of South Gippsland Highway and Thompsons Road, Cranbourne North",
    "Suburb": "Cranbourne North"
  },
  {
    "Location": "Mt Dandenong Road at the intersection of Mt Dandenong Road and Dorset Road, Croydon",
    "Suburb": "Croydon"
  },
  {
    "Location": "Barry Road at the intersection of Barry Road and King Street, Dallas",
    "Suburb": "Dallas"
  },
  {
    "Location": "Lonsdale Street at the intersection of Lonsdale Street and Webster Street, Dandenong",
    "Suburb": "Dandenong"
  },
  {
    "Location": "Princes Highway at the intersection of Princes Highway and Gladstone Road, Dandenong",
    "Suburb": "Dandenong"
  },
  {
    "Location": "Stud Road at the intersection of Stud Road and Heatherton Road, Dandenong",
    "Suburb": "Dandenong"
  },
  {
    "Location": "Foster Street at the intersection of Foster Street and McCrae Street, Dandenong",
    "Suburb": "Dandenong"
  },
  {
    "Location": "Gladstone Road at the intersection of Gladstone Road and Heatherton Road, Dandenong North",
    "Suburb": "Dandenong North"
  },
  {
    "Location": "Williamsons Road at the intersection of Williamsons Road and Doncaster Road, Doncaster",
    "Suburb": "Doncaster"
  },
  {
    "Location": "Victoria Street at the intersection of Victoria Street and Doncaster Road, Doncaster",
    "Suburb": "Doncaster"
  },
  {
    "Location": "Heatherton Road at the intersection of Heatherton Road and Monash Freeway, Doveton",
    "Suburb": "Doveton"
  },
  {
    "Location": "Hoddle Street at the intersection of Hoddle Street and Victoria Parade, East Melbourne",
    "Suburb": "East Melbourne"
  },
  {
    "Location": "Nicholson Street at the intersection of Nicholson Street and Victoria Parade, East Melbourne",
    "Suburb": "East Melbourne"
  },
  {
    "Location": "Nicholson Street at the intersection of Nicholson Street and Albert Street, East Melbourne",
    "Suburb": "East Melbourne"
  },
  {
    "Location": "Hoddle Street at the intersection of Hoddle Street and Wellington Parade, East Melbourne",
    "Suburb": "East Melbourne"
  },
  {
    "Location": "EastLink, Melba Tunnel, approximately 500m prior to tunnel exit, Donvale",
    "Suburb": "EastLink Donvale"
  },
  {
    "Location": "EastLink, Mullum Mullum Tunnel, approximately 600m prior to tunnel exit, Donvale",
    "Suburb": "EastLink Donvale"
  },
  {
    "Location": "EastLink Southbound, Dandenong Bypass Bridge, Keysborough",
    "Suburb": "EastLink Keysborough"
  },
  {
    "Location": "EastLink Northbound, Dandenong Bypass Bridge, Keysborough",
    "Suburb": "EastLink Keysborough"
  },
  {
    "Location": "EastLink Southbound, Wellington Road Bridge, Rowville",
    "Suburb": "EastLink Rowville"
  },
  {
    "Location": "EastLink Northbound, Wellington Road Bridge, Rowville",
    "Suburb": "EastLink Rowville"
  },
  {
    "Location": "Ogilvie Avenue at the intersection of Ogilvie Avenue and High Street, Echuca",
    "Suburb": "Echuca"
  },
  {
    "Location": "Heatherton Road at the intersection of Heatherton Road and Monash Freeway, Endeavour Hills",
    "Suburb": "Endeavour Hills"
  },
  {
    "Location": "Princes Highway at the intersection of Princes Highway and South Gippsland Freeway, Eumemmerring",
    "Suburb": "Eumemmerring"
  },
  {
    "Location": "Heidelberg Road at the intersection of Heidelberg Road and Station Street, Fairfield",
    "Suburb": "Fairfield"
  },
  {
    "Location": "Burwood Highway at the intersection of Burwood Highway and Brenock Park Drive, Ferntree Gully",
    "Suburb": "Ferntree Gully"
  },
  {
    "Location": "Alexandra Parade at the intersection of Alexandra Parade and Brunswick Street, Fitzroy",
    "Suburb": "Fitzroy"
  },
  {
    "Location": "Alexandra Parade at the intersection of Alexandra Parade and Smith Street, Fitzroy North",
    "Suburb": "Fitzroy North"
  },
  {
    "Location": "Alexandra Parade at the intersection of Alexandra Parade and George Street, Fitzroy North",
    "Suburb": "Fitzroy North"
  },
  {
    "Location": "Geelong Road at the intersection of Geelong Road and Droop Street, Footscray",
    "Suburb": "Footscray"
  },
  {
    "Location": "Gordon Street at the intersection of Gordon Street and Barkly Street, Footscray",
    "Suburb": "Footscray"
  },
  {
    "Location": "At the intersection of Springvale Road and Canterbury Road, Forest Hill",
    "Suburb": "Forest Hill"
  },
  {
    "Location": "Dandenong-Frankston Road at the intersection of Dandenong-Frankston Road and Skye Road, Frankston",
    "Suburb": "Frankston"
  },
  {
    "Location": "Nepean Highway at the intersection of Nepean Highway and Davey Street, Frankston",
    "Suburb": "Frankston"
  },
  {
    "Location": "Church Street at the intersection of Church Street and Shannon Avenue, Geelong West",
    "Suburb": "Geelong West"
  },
  {
    "Location": "Monash Freeway, Southbound approximately 470m south of High Street, Glen Iris",
    "Suburb": "Glen Iris"
  },
  {
    "Location": "Monash Freeway, Northbound approximately 290m south of High Street, Glen Iris",
    "Suburb": "Glen Iris"
  },
  {
    "Location": "High Street at the intersection of High Street and Summerhill Road, Glen Iris",
    "Suburb": "Glen Iris"
  },
  {
    "Location": "Waverley Road at the intersection of Waverley Road and Blackburn Road, Glen Waverley",
    "Suburb": "Glen Waverley"
  },
  {
    "Location": "Springvale Road at the intersection of Springvale Road and High Street Road, Glen Waverley",
    "Suburb": "Glen Waverley"
  },
  {
    "Location": "Greensborough Highway at the intersection of Greensborough Highway and Grimshaw Street, Greensborough",
    "Suburb": "Greensborough"
  },
  {
    "Location": "Princes Highway at the intersection of Princes Highway and Pioneer Road, Grovedale ",
    "Suburb": "Grovedale"
  },
  {
    "Location": "Princes Highway at the intersection of Princes Highway and Fitzgerald Road, Hallam ",
    "Suburb": "Hallam"
  },
  {
    "Location": "Hallam Road at the intersection of Hallam Road and Fordholm Road, Hampton Park",
    "Suburb": "Hampton Park"
  },
  {
    "Location": "At the intersection of Barkers Road and Glenferrie Road, Hawthorn",
    "Suburb": "Hawthorn"
  },
  {
    "Location": "Glenferrie Road at the intersection of Glenferrie Road and Burwood Road, Hawthorn",
    "Suburb": "Hawthorn"
  },
  {
    "Location": "Intersection-Rosanna-Road-and-Darebin-Street-Northbound-Heidelberg",
    "Suburb": "Heidelberg"
  },
  {
    "Location": "Intersection of Rosanna Road and Darebin Street, Southbound, Heidelberg",
    "Suburb": "Heidelberg"
  },
  {
    "Location": "Nepean Highway at the intersection of Nepean Highway and Highett Road, Highett",
    "Suburb": "Highett"
  },
  {
    "Location": "Nepean Highway at the intersection of Nepean Highway and Highett Road, Highett",
    "Suburb": "Highett"
  },
  {
    "Location": "Nepean Highway at the intersection of Nepean Highway and Karen Street, Highett",
    "Suburb": "Highett"
  },
  {
    "Location": "Hume Freeway, Southbound Mount Fraser, Beveridge",
    "Suburb": "Hume Freeway Beveridge"
  },
  {
    "Location": "Hume Freeway, Northbound Mount Fraser, Beveridge",
    "Suburb": "Hume Freeway Beveridge"
  },
  {
    "Location": "Hume Freeway, Southbound 109m south of Broadford-Flowerdale Road, Broadford",
    "Suburb": "Hume Freeway Broadford"
  },
  {
    "Location": "Hume Freeway, Northbound 101m south of Broadford-Flowerdale Road, Broadford",
    "Suburb": "Hume Freeway Broadford"
  },
  {
    "Location": "Hume Freeway, Southbound 65m south of Amaroo Road, Craigieburn",
    "Suburb": "Hume Freeway Craigieburn"
  },
  {
    "Location": "Hume Freeway, Northbound 66m south of Amaroo Road, Craigieburn",
    "Suburb": "Hume Freeway Craigieburn"
  },
  {
    "Location": "Hume Freeway, Southbound Station Street, Wallan East",
    "Suburb": "Hume Freeway Wallan East"
  },
  {
    "Location": "Hume Freeway, Northbound Station Street, Wallan East",
    "Suburb": "Hume Freeway Wallan East"
  },
  {
    "Location": "Loddon Valley Highway at the intersection of Loddon Valley Highway and Calder Highway, Ironbark",
    "Suburb": "Ironbark"
  },
  {
    "Location": "Macauley Road at the intersection of Macauley Road and Stubbs Street, Kensington",
    "Suburb": "Kensington"
  },
  {
    "Location": "Epsom Road at the intersection of Epsom Road and Smithfield Road, Kensington",
    "Suburb": "Kensington"
  },
  {
    "Location": "Denmark Street at the intersection of Denmark Street and High Street South, Kew",
    "Suburb": "Kew"
  },
  {
    "Location": "Glenferrie Road at the intersection of Glenferrie Road and Wellingston Street, Kew",
    "Suburb": "Kew"
  },
  {
    "Location": "Charles Street at the intersection of Charles Street and Cotham Road, Kew",
    "Suburb": "Kew"
  },
  {
    "Location": "Denmark Street at the intersection of Denmark Street and Barkers Road, Kew",
    "Suburb": "Kew"
  },
  {
    "Location": "Burke Road at the intersection of Burke Road and Old Burke Road, Kew East",
    "Suburb": "Kew East"
  },
  {
    "Location": "Harp Road at the intersection of Harp Road and Burke Road, Kew East",
    "Suburb": "Kew East"
  },
  {
    "Location": "Canterbury Road at the intersection of Canterbury Road and Colchester Road, Kilsyth South",
    "Suburb": "Kilsyth South"
  },
  {
    "Location": "At the intersection of Plenty Road and Dunne Street, Kingsbury",
    "Suburb": "Kingsbury"
  },
  {
    "Location": "Geelong Street at the intersection of Geelong Street and Geelong Road, Kingsville",
    "Suburb": "Kingsville"
  },
  {
    "Location": "Sturt Street at the intersection of Sturt Street and Gillies Street, Lake Gardens",
    "Suburb": "Lake Gardens"
  },
  {
    "Location": "Maroondah Highway, approximately 100 metres West of Hutchinson Street, Lilydale",
    "Suburb": "Lilydale"
  },
  {
    "Location": "South Gippsland Highway at the intersection of South Gippsland Highway and Lynbrook Boulevard, Lynbrook",
    "Suburb": "Lynbrook"
  },
  {
    "Location": "Ballarat Road at the intersection of Ballarat Road and Ashley Street, Maidstone",
    "Suburb": "Maidstone"
  },
  {
    "Location": "Ashley Street at the intersection of Ashley Street and Churchill Avenue, Maidstone",
    "Suburb": "Maidstone"
  },
  {
    "Location": "Ballarat Road at the intersection of Ballarat Road and Churchill Avenue, Maidstone",
    "Suburb": "Maidstone"
  },
  {
    "Location": "Princes Highway at the intersection of Princes Highway and Belgrave Road, Malvern East",
    "Suburb": "Malvern East"
  },
  {
    "Location": "Dandenong Road at the intersection of Dandenong Road and Warrigal Road, Malvern East",
    "Suburb": "Malvern East"
  },
  {
    "Location": "William Street at the intersection of William Street and Flinders Street, Melbourne",
    "Suburb": "Melbourne"
  },
  {
    "Location": "Elizabeth Street at the intersection of Elizabeth Street and Victoria Street, Melbourne",
    "Suburb": "Melbourne"
  },
  {
    "Location": "Elizabeth Street at the intersection of Elizabeth Street and La Trobe Street, Melbourne",
    "Suburb": "Melbourne"
  },
  {
    "Location": "Punt Road at the intersection of Punt Road and Commercial Road, Melbourne",
    "Suburb": "Melbourne"
  },
  {
    "Location": "Flinders Street at the intersection of Flinders Street and William Street, Melbourne",
    "Suburb": "Melbourne"
  },
  {
    "Location": "Swan Street at the intersection of Swan Street and Batman Avenue, Melbourne",
    "Suburb": "Melbourne"
  },
  {
    "Location": "St Kilda Road at the intersection of St Kilda Road and Union Street, Melbourne",
    "Suburb": "Melbourne"
  },
  {
    "Location": "Exhibition Street at the intersection of Exhibition Street and Victoria Street, Melbourne",
    "Suburb": "Melbourne"
  },
  {
    "Location": "Terminal Drive at the intersection of Terminal Drive and Centre Road, Melbourne Airport",
    "Suburb": "Melbourne Airport"
  },
  {
    "Location": "Nepean Highway at the intersection of Nepean Highway and Warrigal Road, Mentone",
    "Suburb": "Mentone"
  },
  {
    "Location": "Midland Highway, Eastbound at Bagshot level crossing 40m west of Peatlings Road, Bagshot",
    "Suburb": "Midland Highway Bagshot Eastbound"
  },
  {
    "Location": "Midland Highway, Westbound at Bagshot level crossing 40m west of Peatlings Road, Bagshot",
    "Suburb": "Midland Highway Bagshot Westbound"
  },
  {
    "Location": "Fifteenth Street at the intersection of Fifteenth Street and San Mateo Avenue, Mildura",
    "Suburb": "Mildura"
  },
  {
    "Location": "Maribyrnong Road at the intersection of Maribyrnong Road and Mt Alexander Road, Moonee Ponds",
    "Suburb": "Moonee Ponds"
  },
  {
    "Location": "Nepean Highway at the intersection of Nepean Highway and Bungower Road, Mornington",
    "Suburb": "Mornington"
  },
  {
    "Location": "Nepean Highway at the intersection of Nepean Highway and Main Street, Mornington",
    "Suburb": "Mornington"
  },
  {
    "Location": "High Street Road at the intersection of High Street Road and Huntingdale Road, Mount Waverley",
    "Suburb": "Mount Waverley"
  },
  {
    "Location": "Blackburn Road at the intersection of Blackburn Road and Monash Freeway, Mount Waverley",
    "Suburb": "Mount Waverley"
  },
  {
    "Location": "Waverley Road at the intersection of Waverley Road and Blackburn Road, Mount Waverley",
    "Suburb": "Mount Waverley"
  },
  {
    "Location": "Highbury Road at the intersection of Highbury Road and Huntingdale Road, Mount Waverley",
    "Suburb": "Mount Waverley"
  },
  {
    "Location": "Springvale Road at the intersection of Springvale Road and Wellington Road, Mulgrave",
    "Suburb": "Mulgrave"
  },
  {
    "Location": "At the intersection of Narre Warren North Road and Ernst Wanke Road, Narre Warren",
    "Suburb": "Naree Warren"
  },
  {
    "Location": "Princes Highway at the intersection of Princes Highway and Webb Street, Narre Warren",
    "Suburb": "Narre Warren"
  },
  {
    "Location": "At the intersection of Narre Warren North Road and Ernst Wanke Road, Narre Warren North",
    "Suburb": "Narre Warren North"
  },
  {
    "Location": "Shannon Avenue at the intersection of Shannon Avenue and Aphrasia Street, Newtown",
    "Suburb": "Newtown"
  },
  {
    "Location": "Shannon Avenue at the intersection of Shannon Avenue and Noble Street, Newtown",
    "Suburb": "Newtown"
  },
  {
    "Location": "Heatherton Road at the intersection of Heatherton Road and Corrigan Road, Noble Park",
    "Suburb": "Noble Park"
  },
  {
    "Location": "Lightwood Road at the intersection of Lightwood Road and Corrigan Road, Noble Park",
    "Suburb": "Noble Park"
  },
  {
    "Location": "Princes Highway at the intersection of Princes Highway and Elonera Road, Noble Park North ",
    "Suburb": "Noble Park North"
  },
  {
    "Location": "The Boulevard at the intersection of The Boulevard and Melbourne Road, Norlane",
    "Suburb": "Norlane"
  },
  {
    "Location": "Princes Highway at the intersection of Princes Highway and Sparks Road, Norlane",
    "Suburb": "Norlane"
  },
  {
    "Location": "St Georges Road at the intersection of St Georges Road and Arthurton Road, Northcote ",
    "Suburb": "Northcote"
  },
  {
    "Location": "Maroondah Highway at the intersection of Maroondah Highway and Springvale Road, Nunawading",
    "Suburb": "Nunawading"
  },
  {
    "Location": "Warrigal Road at the intersection of Warrigal Road and North Road, Oakleigh",
    "Suburb": "Oakleigh"
  },
  {
    "Location": "Dandenong Road at the intersection of Dandenong Road and Clayton Road, Oakleigh East",
    "Suburb": "Oakleigh East"
  },
  {
    "Location": "At the intersection of North Road and Clayton Road, Oakleigh East",
    "Suburb": "Oakleigh East"
  },
  {
    "Location": "Princes Highway at the intersection of Princes Highway and Huntingdale Road, Oakleigh East",
    "Suburb": "Oakleigh East"
  },
  {
    "Location": "Centre Road at the intersection of Centre Road and Huntingdale Road, Oakleigh South",
    "Suburb": "Oakleigh South"
  },
  {
    "Location": "Flemington Road at the intersection of Flemington Road and Gatehouse Street, Parkville",
    "Suburb": "Parkville"
  },
  {
    "Location": "Cemetery Road West at the intersection of Cemetery Road West and Royal Parade, Parkville",
    "Suburb": "Parkville"
  },
  {
    "Location": "Royal Parade at the intersection of Royal Parade and Gatehouse Street, Parkville",
    "Suburb": "Parkville"
  },
  {
    "Location": "Sussex Street at the intersection of Sussex Street and O'Hea Street, Pascoe Vale South",
    "Suburb": "Pascoe Vale South"
  },
  {
    "Location": "Peninsula Link Freeway, Southbound, Ballarto Road Bridge, Carrum Downs - Point-to-point",
    "Suburb": "Peninsula Link Carrum Downs"
  },
  {
    "Location": "Peninsula Link Freeway, Southbound, Ballarto Road Bridge, Carrum Downs",
    "Suburb": "Peninsula Link Carrum Downs"
  },
  {
    "Location": "Peninsula Link Freeway and Skye Road Bridge Southbound, Frankston - Point-to-point",
    "Suburb": "Peninsula Link Frankston"
  },
  {
    "Location": "Peninsula Link Freeway and Skye Road Bridge Southbound, Frankston",
    "Suburb": "Peninsula Link Frankston"
  },
  {
    "Location": "Peninsula Link Freeway and Skye Road Bridge Northbound, Frankston - Point-to-point",
    "Suburb": "Peninsula Link Frankston"
  },
  {
    "Location": "Peninsula Link Freeway and Skye Road Bridge Northbound, Frankston",
    "Suburb": "Peninsula Link Frankston"
  },
  {
    "Location": "Peninsula Link Freeway, Northbound, Ballarto Road Bridge, Frankston North - Point-to-point",
    "Suburb": "Peninsula Link Frankston North"
  },
  {
    "Location": "Peninsula Link Freeway, Northbound, Ballarto Road Bridge, Frankston North",
    "Suburb": "Peninsula Link Frankston North"
  },
  {
    "Location": "Peninsula Link Freeway and Mornington-Tyabb Road Bridge Southbound, Moorooduc - Point-to-point",
    "Suburb": "Peninsula Link Moorooduc"
  },
  {
    "Location": "Peninsula Link Freeway and Mornington-Tyabb Road Bridge Southbound, Moorooduc ",
    "Suburb": "Peninsula Link Moorooduc"
  },
  {
    "Location": "Peninsula Link Freeway and Eramosa Road West Bridge Southbound, Moorooduc - Point-to-point",
    "Suburb": "Peninsula Link Moorooduc"
  },
  {
    "Location": "Peninsula Link Freeway and Eramosa Road West Bridge Southbound, Moorooduc",
    "Suburb": "Peninsula Link Moorooduc"
  },
  {
    "Location": "Peninsula Link Freeway and Eramosa Road West Bridge Northbound, Moorooduc  - Point-to-point",
    "Suburb": "Peninsula Link Moorooduc"
  },
  {
    "Location": "Peninsula Link Freeway and Eramosa Road West Bridge Northbound, Moorooduc",
    "Suburb": "Peninsula Link Moorooduc"
  },
  {
    "Location": "Peninsula Link Freeway and Loders Road Bridge Northbound, Moorooduc",
    "Suburb": "Peninsula Link Moorooduc"
  },
  {
    "Location": "Peninsula Link Freeway and Loders Road Bridge Northbound, Moorooduc - Point-to-point",
    "Suburb": "Peninsula Link Moorooduc"
  },
  {
    "Location": "Punt Road at the intersection of Punt Road and High Street, Prahran",
    "Suburb": "Prahran"
  },
  {
    "Location": "Bell Street at the intersection of Bell Street and Gilbert Road, Preston",
    "Suburb": "Preston"
  },
  {
    "Location": "Gilbert Road at the intersection of Gilbert Road and Murray Road, Preston",
    "Suburb": "Preston"
  },
  {
    "Location": "Bell Street at the intersection of Bell Street and Plenty Road, Preston",
    "Suburb": "Preston"
  },
  {
    "Location": "Bell Street at the intersection of Bell Street and St Georges Road, Preston ",
    "Suburb": "Preston"
  },
  {
    "Location": "Gilbert Road at the intersection of Gilbert Road and Bell Street, Preston",
    "Suburb": "Preston"
  },
  {
    "Location": "Albert Street at the intersection of Albert Street and Gower Street, Preston",
    "Suburb": "Preston"
  },
  {
    "Location": "Princes Freeway, Avalon Road Bridge, Geelong Bound, Avalon",
    "Suburb": "Princes Freeway Avalon"
  },
  {
    "Location": "Princes Freeway, Avalon Road Bridge, Melbourne Bound, Lara",
    "Suburb": "Princes Freeway Lara"
  },
  {
    "Location": "Princes Freeway, Point Wilson Road Bridge, Melbourne Bound, Little River",
    "Suburb": "Princes Freeway Little River"
  },
  {
    "Location": "Princes Freeway, Point Wilson Road Bridge, Geelong Bound, Point Wilson",
    "Suburb": "Princes Freeway Point Wilson"
  },
  {
    "Location": "At the intersection of Maroondah Highway and Ringwood Bypass, Ringwood",
    "Suburb": "Ringwood"
  },
  {
    "Location": "At the intersection of Maroondah Highway and Mount Dandenong Road, Ringwood",
    "Suburb": "Ringwood"
  },
  {
    "Location": "Ringwood Street at the intersection of Ringwood Street and Maroondah Highway, Ringwood",
    "Suburb": "Ringwood"
  },
  {
    "Location": "At the intersection of Brighton Road and Glen Eira Road, Ripponlea",
    "Suburb": "Ripponlea"
  },
  {
    "Location": "At the intersection of Rosanna Road and Banyule Road, Southbound,Rosanna",
    "Suburb": "Rosanna"
  },
  {
    "Location": "At the intersection of Rosanna Road and Banyule Road, Northbound,Rosanna",
    "Suburb": "Rosanna"
  },
  {
    "Location": "Stud Road at the intersection of Stud Road and Wellington Road, Rowville",
    "Suburb": "Rowville"
  },
  {
    "Location": "York Street at the intersection of York Street and MacArthur Street, Sale",
    "Suburb": "Sale"
  },
  {
    "Location": "Stud Road at the intersection of Stud Road and Ferntree Gully Road, Scoresby",
    "Suburb": "Scoresby"
  },
  {
    "Location": "Frankston Freeway off ramp at the intersection of Frankston Freeway off ramp and Dandenong-Frankston Road, Seaford",
    "Suburb": "Seaford"
  },
  {
    "Location": "Wyndham Street at the intersection of Wyndham Street and High Street, Shepparton",
    "Suburb": "Shepparton"
  },
  {
    "Location": "At the intersection of Moorabool Street and Fyans Street, South Geelong",
    "Suburb": "South Geelong"
  },
  {
    "Location": "Latrobe Terrace at the intersection of Latrobe Terrace and Fyans Street, South Geelong",
    "Suburb": "South Geelong"
  },
  {
    "Location": "City Road at the intersection of City Road and Montague Street, South Melbourne",
    "Suburb": "South Melbourne"
  },
  {
    "Location": "Kings Way at the intersection of Kings Way and Park Street, South Melbourne",
    "Suburb": "South Melbourne"
  },
  {
    "Location": "Punt Road at the intersection of Punt Road and Toorak Road, South Yarra",
    "Suburb": "South Yarra"
  },
  {
    "Location": "Alexandra Avenue at the intersection of Alexandra Avenue and Church Street, South Yarra",
    "Suburb": "South Yarra"
  },
  {
    "Location": "Alma Road at the intersection of Alma Road and Chapel Street, St Kilda",
    "Suburb": "St Kilda"
  },
  {
    "Location": "Fitzroy Street at the intersection of Fitzroy Street and Princes Street, St Kilda",
    "Suburb": "St Kilda"
  },
  {
    "Location": "Fitzroy Street at the interseciton of Fitzroy Street and Lakeside Drive, St Kilda",
    "Suburb": "St Kilda"
  },
  {
    "Location": "Dandenong Road at the intersection of Dandenong Road and Chapel Street, St Kilda",
    "Suburb": "St Kilda"
  },
  {
    "Location": "Barkly Street at the intersection of Barkly Street and Carlisle Street, St Kilda",
    "Suburb": "St Kilda"
  },
  {
    "Location": "St Kilda Road at the intersection of St Kilda Road and Fitzroy Street, St Kilda",
    "Suburb": "St Kilda"
  },
  {
    "Location": "Hotham Street at the intersection of Hotham Street and Balaclava Road, St Kilda East",
    "Suburb": "St Kilda East"
  },
  {
    "Location": "Glen Eira Road at the intersection of Glen Eira Road and Hotham Street, St Kilda East",
    "Suburb": "St Kilda East"
  },
  {
    "Location": "At the intersection of McIvor Road and Reservoir Road, Strathdale",
    "Suburb": "Strathdale"
  },
  {
    "Location": "At the intersection of Pascoe Vale Road and Peck Avenue, Strathmore",
    "Suburb": "Strathmore"
  },
  {
    "Location": "Mont Albert Road at the intersection of Mont Albert Road and Union Road, Surrey Hills",
    "Suburb": "Surrey Hills"
  },
  {
    "Location": "Union Road at the intersection of Union Road and Mont Albert Road, Surrey Hills",
    "Suburb": "Surrey Hills"
  },
  {
    "Location": "Canterbury Road at the intersection of Canterbury Road and Warrigal Road, Surrey Hills",
    "Suburb": "Surrey Hills"
  },
  {
    "Location": "Kings Road at the intersection of Kings Road and Melton Highway, Taylors Lakes",
    "Suburb": "Taylors Lakes"
  },
  {
    "Location": "Manningham Road at the intersection of Manningham Road and Macedon Road, Templestowe Lower",
    "Suburb": "Templestowe Lower"
  },
  {
    "Location": "High Street at the intersection of High Street and Verene Avenue, Templestowe Lower",
    "Suburb": "Templestowe Lower"
  },
  {
    "Location": "Mahoneys Road at the intersection of Mahoneys Road and High Street, Thomastown",
    "Suburb": "Thomastown"
  },
  {
    "Location": "St Georges Road at the interseciton of ST Georges Road and Normanby Avenue, Thornbury",
    "Suburb": "Thornbury"
  },
  {
    "Location": "At the intersection of Canterbury Road and Mitcham Road, Vermont",
    "Suburb": "Vermont"
  },
  {
    "Location": "Burwood Highway at the intersection of Burwood Highway and Springvale Road, Vermont South",
    "Suburb": "Vermont South"
  },
  {
    "Location": "Mountain Highway at the intersection of Mountain Highway and Wantirna Road, Wantirna",
    "Suburb": "Wantirna"
  },
  {
    "Location": "Boronia Road at the intersection of Boronia Road and Wantirna Road, Wantirna",
    "Suburb": "Wantirna"
  },
  {
    "Location": "Burwood Highway at the intersection of Burwood Highway and Stud Road, Wantirna South",
    "Suburb": "Wantirna South"
  },
  {
    "Location": "High Street Road at the intersection of High Street Road and Stud Road, Wantirna South",
    "Suburb": "Wantirna South"
  },
  {
    "Location": "Raglan Parade at the intersection of Raglan Parade and Mahoneys Road, Warrnambool",
    "Suburb": "Warrnambool"
  },
  {
    "Location": "Greensborough Highway at the intersection of Greensborough Highway and Grimshaw Street, Watsonia",
    "Suburb": "Watsonia"
  },
  {
    "Location": "Grimshaw Street at the intersection of Grimshaw Street and Macorna Street, Watsonia North",
    "Suburb": "Watsonia North"
  },
  {
    "Location": "Peel Street at the intersection of Peel Street and Victoria Street, West Melbourne",
    "Suburb": "West Melbourne"
  },
  {
    "Location": "King Street at the intersection of King Street and Hawke Street, West Melbourne",
    "Suburb": "West Melbourne"
  },
  {
    "Location": "At the intersection of Spencer Street and Dudley Street, West Melbourne",
    "Suburb": "West Melbourne"
  },
  {
    "Location": "Intersection of King Street and LaTrobe Street, West Melbourne",
    "Suburb": "West Melbourne"
  },
  {
    "Location": "LaTrobe Street at the intersection of LaTrobe Street and Spencer Street, West Melbourne",
    "Suburb": "West Melbourne"
  },
  {
    "Location": "Western Ring Road, Southbound Western Highway North Side Gantry, Ardeer",
    "Suburb": "Western Ring Road Ardeer"
  },
  {
    "Location": "Western Ring Road, Eastbound West of Sydney Road, Broadmeadows",
    "Suburb": "Western Ring Road Broadmeadows"
  },
  {
    "Location": "Western Ring Road, Northbound Western Highway Off Ramp, South Side Gantry, Deer Park",
    "Suburb": "Western Ring Road Deer Park"
  },
  {
    "Location": "Western Ring Road, Northbound Keilor Park Drive, Keilor East",
    "Suburb": "Western Ring Road Keilor East"
  },
  {
    "Location": "Western Ring Road, Southbound, Fullarton Road Bridge, Keilor Park",
    "Suburb": "Western Ring Road Keilor Park"
  },
  {
    "Location": "Western Ring Road, Northbound Boundary Road South Side Gantry, Laverton North",
    "Suburb": "Western Ring Road Laverton North"
  },
  {
    "Location": "Western Ring Road, Southbound Boundary Road, North Side Gantry, Sunshine West",
    "Suburb": "Western Ring Road Sunshine West"
  },
  {
    "Location": "Western Ring Road, Glenroy, Westbound, approximately 600 metres West of Sydney Road",
    "Suburb": "Western Ring Road, Glenroy"
  },
  {
    "Location": "Lincoln Causeway at the intersection of Lincoln Causeway and Hume Highway ramp, Wodonga",
    "Suburb": "Wodonga"
  },
  {
    "Location": "Somerville Road at the intersection of Somerville Road and Geelong Road, Yarraville",
    "Suburb": "Yarraville"
  },
  {
    "Location": "Williamstown Road at the intersection of Williamstown Road and Somerville Road, Yarraville",
    "Suburb": "Yarraville"
  },
  {
    "Location": "At the intersection of Francis Street and Wembley Avenue, Yarraville",
    "Suburb": "Yarraville"
  },
  {
    "Location": "At the intersection of Francis Street and Wembley Avenue, Yarraville",
    "Suburb": "Yarraville"
  }
]