[
  {
    "Crimes_Against_Person": 251,
    "Drug_Off": 61,
    "JusticeProc_Off": 77,
    "Other": 1,
    "Postcode": 3053,
    "Prop_Deception_Off": 1490,
    "PublicOrder_Security_Off": 84,
    "Suburb": "Carlton",
    "Total": 1964
  },
  {
    "Crimes_Against_Person": 43,
    "Drug_Off": 3,
    "JusticeProc_Off": 21,
    "Other": 2,
    "Postcode": 3054,
    "Prop_Deception_Off": 369,
    "PublicOrder_Security_Off": 5,
    "Suburb": "Carlton North",
    "Total": 443
  },
  {
    "Crimes_Against_Person": 391,
    "Drug_Off": 292,
    "JusticeProc_Off": 188,
    "Other": 8,
    "Postcode": 3008,
    "Prop_Deception_Off": 1574,
    "PublicOrder_Security_Off": 294,
    "Suburb": "Docklands",
    "Total": 2747
  },
  {
    "Crimes_Against_Person": 118,
    "Drug_Off": 82,
    "JusticeProc_Off": 52,
    "Other": 4,
    "Postcode": 3002,
    "Prop_Deception_Off": 531,
    "PublicOrder_Security_Off": 176,
    "Suburb": "East Melbourne",
    "Total": 963
  },
  {
    "Crimes_Against_Person": 149,
    "Drug_Off": 201,
    "JusticeProc_Off": 103,
    "Other": 1,
    "Postcode": 3031,
    "Prop_Deception_Off": 643,
    "PublicOrder_Security_Off": 66,
    "Suburb": "Flemington",
    "Total": 1163
  },
  {
    "Crimes_Against_Person": 132,
    "Drug_Off": 38,
    "JusticeProc_Off": 159,
    "Other": 0,
    "Postcode": 3031,
    "Prop_Deception_Off": 552,
    "PublicOrder_Security_Off": 43,
    "Suburb": "Kensington\t",
    "Total": 924
  },
  {
    "Crimes_Against_Person": 239,
    "Drug_Off": 80,
    "JusticeProc_Off": 111,
    "Other": 2,
    "Postcode": 3051,
    "Prop_Deception_Off": 935,
    "PublicOrder_Security_Off": 91,
    "Suburb": "North Melbourne",
    "Total": 1458
  },
  {
    "Crimes_Against_Person": 2409,
    "Drug_Off": 145,
    "JusticeProc_Off": 1670,
    "Other": 55,
    "Postcode": 3000,
    "Prop_Deception_Off": 3659,
    "PublicOrder_Security_Off": 1980,
    "Suburb": "Melbourne",
    "Total": 9918
  },
  {
    "Crimes_Against_Person": 154,
    "Drug_Off": 15,
    "JusticeProc_Off": 51,
    "Other": 0,
    "Postcode": 3052,
    "Prop_Deception_Off": 489,
    "PublicOrder_Security_Off": 46,
    "Suburb": "Parkville",
    "Total": 755
  },
  {
    "Crimes_Against_Person": 173,
    "Drug_Off": 66,
    "JusticeProc_Off": 108,
    "Other": 0,
    "Postcode": 3043,
    "Prop_Deception_Off": 961,
    "PublicOrder_Security_Off": 39,
    "Suburb": "Tullamarine",
    "Total": 1347
  },
  {
    "Crimes_Against_Person": 229,
    "Drug_Off": 146,
    "JusticeProc_Off": 173,
    "Other": 6,
    "Postcode": 3207,
    "Prop_Deception_Off": 1381,
    "PublicOrder_Security_Off": 63,
    "Suburb": "Port Melbourne",
    "Total": 1998
  },
  {
    "Crimes_Against_Person": 594,
    "Drug_Off": 348,
    "JusticeProc_Off": 168,
    "Other": 30,
    "Postcode": 3006,
    "Prop_Deception_Off": 2678,
    "PublicOrder_Security_Off": 348,
    "Suburb": "Southbank",
    "Total": 4166
  },
  {
    "Crimes_Against_Person": 33,
    "Drug_Off": 7,
    "JusticeProc_Off": 35,
    "Other": 0,
    "Postcode": 3006,
    "Prop_Deception_Off": 367,
    "PublicOrder_Security_Off": 30,
    "Suburb": "South Wharf",
    "Total": 472
  },
  {
    "Crimes_Against_Person": 314,
    "Drug_Off": 202,
    "JusticeProc_Off": 163,
    "Other": 9,
    "Postcode": 3141,
    "Prop_Deception_Off": 2254,
    "PublicOrder_Security_Off": 126,
    "Suburb": "South Yarra",
    "Total": 3068
  },
  {
    "Crimes_Against_Person": 141,
    "Drug_Off": 163,
    "JusticeProc_Off": 66,
    "Other": 3,
    "Postcode": 3003,
    "Prop_Deception_Off": 669,
    "PublicOrder_Security_Off": 133,
    "Suburb": "West Melbourne",
    "Total": 1175
  },
  {
    "Crimes_Against_Person": 51,
    "Drug_Off": 11,
    "JusticeProc_Off": 45,
    "Other": 0,
    "Postcode": 3206,
    "Prop_Deception_Off": 505,
    "PublicOrder_Security_Off": 15,
    "Suburb": "Albert Park",
    "Total": 627
  },
  {
    "Crimes_Against_Person": 73,
    "Drug_Off": 38,
    "JusticeProc_Off": 48,
    "Other": 3,
    "Postcode": 3183,
    "Prop_Deception_Off": 451,
    "PublicOrder_Security_Off": 63,
    "Suburb": "Balaclava",
    "Total": 676
  },
  {
    "Crimes_Against_Person": 121,
    "Drug_Off": 36,
    "JusticeProc_Off": 194,
    "Other": 0,
    "Postcode": 3184,
    "Prop_Deception_Off": 540,
    "PublicOrder_Security_Off": 18,
    "Suburb": "Elwood",
    "Total": 909
  },
  {
    "Crimes_Against_Person": 22,
    "Drug_Off": 7,
    "JusticeProc_Off": 16,
    "Other": 0,
    "Postcode": 3206,
    "Prop_Deception_Off": 235,
    "PublicOrder_Security_Off": 8,
    "Suburb": "Middle Park",
    "Total": 288
  },
  {
    "Crimes_Against_Person": 20,
    "Drug_Off": 6,
    "JusticeProc_Off": 27,
    "Other": 0,
    "Postcode": 3185,
    "Prop_Deception_Off": 63,
    "PublicOrder_Security_Off": 2,
    "Suburb": "Ripponlea",
    "Total": 118
  },
  {
    "Crimes_Against_Person": 594,
    "Drug_Off": 487,
    "JusticeProc_Off": 443,
    "Other": 13,
    "Postcode": 3182,
    "Prop_Deception_Off": 2748,
    "PublicOrder_Security_Off": 377,
    "Suburb": "St Kilda",
    "Total": 4662
  },
  {
    "Crimes_Against_Person": 106,
    "Drug_Off": 23,
    "JusticeProc_Off": 48,
    "Other": 1,
    "Postcode": 3183,
    "Prop_Deception_Off": 462,
    "PublicOrder_Security_Off": 31,
    "Suburb": "St Kilda East",
    "Total": 671
  },
  {
    "Crimes_Against_Person": 30,
    "Drug_Off": 30,
    "JusticeProc_Off": 33,
    "Other": 1,
    "Postcode": 3182,
    "Prop_Deception_Off": 185,
    "PublicOrder_Security_Off": 9,
    "Suburb": "St Kilda West",
    "Total": 288
  },
  {
    "Crimes_Against_Person": 275,
    "Drug_Off": 172,
    "JusticeProc_Off": 316,
    "Other": 11,
    "Postcode": 3205,
    "Prop_Deception_Off": 1642,
    "PublicOrder_Security_Off": 116,
    "Suburb": "South Melbourne",
    "Total": 2532
  },
  {
    "Crimes_Against_Person": 183,
    "Drug_Off": 202,
    "JusticeProc_Off": 86,
    "Other": 3,
    "Postcode": 3067,
    "Prop_Deception_Off": 1130,
    "PublicOrder_Security_Off": 111,
    "Suburb": "Abbotsford",
    "Total": 1715
  },
  {
    "Crimes_Against_Person": 30,
    "Drug_Off": 3,
    "JusticeProc_Off": 17,
    "Other": 0,
    "Postcode": 3078,
    "Prop_Deception_Off": 234,
    "PublicOrder_Security_Off": 4,
    "Suburb": "Alphington",
    "Total": 288
  },
  {
    "Crimes_Against_Person": 10,
    "Drug_Off": 50,
    "JusticeProc_Off": 16,
    "Other": 0,
    "Postcode": 3121,
    "Prop_Deception_Off": 77,
    "PublicOrder_Security_Off": 10,
    "Suburb": "Burnley",
    "Total": 163
  },
  {
    "Crimes_Against_Person": 86,
    "Drug_Off": 53,
    "JusticeProc_Off": 61,
    "Other": 0,
    "Postcode": 3049,
    "Prop_Deception_Off": 289,
    "PublicOrder_Security_Off": 18,
    "Suburb": "Westmeadows",
    "Total": 507
  },
  {
    "Crimes_Against_Person": 48,
    "Drug_Off": 24,
    "JusticeProc_Off": 21,
    "Other": 2,
    "Postcode": 3068,
    "Prop_Deception_Off": 381,
    "PublicOrder_Security_Off": 26,
    "Suburb": "Clifton Hill",
    "Total": 502
  },
  {
    "Crimes_Against_Person": 283,
    "Drug_Off": 123,
    "JusticeProc_Off": 208,
    "Other": 4,
    "Postcode": 3066,
    "Prop_Deception_Off": 1698,
    "PublicOrder_Security_Off": 117,
    "Suburb": "Collingwood",
    "Total": 2433
  },
  {
    "Crimes_Against_Person": 43,
    "Drug_Off": 6,
    "JusticeProc_Off": 9,
    "Other": 0,
    "Postcode": 3121,
    "Prop_Deception_Off": 275,
    "PublicOrder_Security_Off": 49,
    "Suburb": "Cremorne",
    "Total": 382
  },
  {
    "Crimes_Against_Person": 62,
    "Drug_Off": 16,
    "JusticeProc_Off": 54,
    "Other": 1,
    "Postcode": 3078,
    "Prop_Deception_Off": 377,
    "PublicOrder_Security_Off": 6,
    "Suburb": "Fairfield",
    "Total": 516
  },
  {
    "Crimes_Against_Person": 388,
    "Drug_Off": 97,
    "JusticeProc_Off": 138,
    "Other": 2,
    "Postcode": 3065,
    "Prop_Deception_Off": 1845,
    "PublicOrder_Security_Off": 131,
    "Suburb": "Fitzroy",
    "Total": 2601
  },
  {
    "Crimes_Against_Person": 110,
    "Drug_Off": 25,
    "JusticeProc_Off": 42,
    "Other": 2,
    "Postcode": 3068,
    "Prop_Deception_Off": 931,
    "PublicOrder_Security_Off": 48,
    "Suburb": "Fitzroy North",
    "Total": 1158
  },
  {
    "Crimes_Against_Person": 24,
    "Drug_Off": 2,
    "JusticeProc_Off": 11,
    "Other": 0,
    "Postcode": 3054,
    "Prop_Deception_Off": 142,
    "PublicOrder_Security_Off": 1,
    "Suburb": "Princes Hill ",
    "Total": 180
  },
  {
    "Crimes_Against_Person": 520,
    "Drug_Off": 552,
    "JusticeProc_Off": 310,
    "Other": 14,
    "Postcode": 3121,
    "Prop_Deception_Off": 2530,
    "PublicOrder_Security_Off": 365,
    "Suburb": "Richmond",
    "Total": 4291
  },
  {
    "Crimes_Against_Person": 0,
    "Drug_Off": 1,
    "JusticeProc_Off": 0,
    "Other": 0,
    "Postcode": 3030,
    "Prop_Deception_Off": 8,
    "PublicOrder_Security_Off": 1,
    "Suburb": "Cocoroc",
    "Total": 10
  },
  {
    "Crimes_Against_Person": 17,
    "Drug_Off": 7,
    "JusticeProc_Off": 41,
    "Other": 0,
    "Postcode": 3088,
    "Prop_Deception_Off": 71,
    "PublicOrder_Security_Off": 10,
    "Suburb": "Briar Hill",
    "Total": 146
  },
  {
    "Crimes_Against_Person": 299,
    "Drug_Off": 128,
    "JusticeProc_Off": 203,
    "Other": 3,
    "Postcode": 3083,
    "Prop_Deception_Off": 1595,
    "PublicOrder_Security_Off": 61,
    "Suburb": "Bundoora",
    "Total": 2289
  },
  {
    "Crimes_Against_Person": 12,
    "Drug_Off": 1,
    "JusticeProc_Off": 8,
    "Other": 0,
    "Postcode": 3084,
    "Prop_Deception_Off": 107,
    "PublicOrder_Security_Off": 2,
    "Suburb": "Eaglemont",
    "Total": 130
  },
  {
    "Crimes_Against_Person": 150,
    "Drug_Off": 99,
    "JusticeProc_Off": 197,
    "Other": 2,
    "Postcode": 3095,
    "Prop_Deception_Off": 663,
    "PublicOrder_Security_Off": 54,
    "Suburb": "Eltham",
    "Total": 1165
  },
  {
    "Crimes_Against_Person": 28,
    "Drug_Off": 39,
    "JusticeProc_Off": 15,
    "Other": 0,
    "Postcode": 3095,
    "Prop_Deception_Off": 151,
    "PublicOrder_Security_Off": 7,
    "Suburb": "Eltham North",
    "Total": 240
  },
  {
    "Crimes_Against_Person": 174,
    "Drug_Off": 89,
    "JusticeProc_Off": 146,
    "Other": 1,
    "Postcode": 3088,
    "Prop_Deception_Off": 923,
    "PublicOrder_Security_Off": 68,
    "Suburb": "Greensborough",
    "Total": 1401
  },
  {
    "Crimes_Against_Person": 183,
    "Drug_Off": 109,
    "JusticeProc_Off": 1339,
    "Other": 2,
    "Postcode": 3084,
    "Prop_Deception_Off": 520,
    "PublicOrder_Security_Off": 94,
    "Suburb": "Heidelberg",
    "Total": 2247
  },
  {
    "Crimes_Against_Person": 86,
    "Drug_Off": 56,
    "JusticeProc_Off": 123,
    "Other": 0,
    "Postcode": 3081,
    "Prop_Deception_Off": 360,
    "PublicOrder_Security_Off": 32,
    "Suburb": "Heidelberg Heights",
    "Total": 657
  },
  {
    "Crimes_Against_Person": 204,
    "Drug_Off": 155,
    "JusticeProc_Off": 156,
    "Other": 6,
    "Postcode": 3081,
    "Prop_Deception_Off": 581,
    "PublicOrder_Security_Off": 71,
    "Suburb": "Heidelberg West",
    "Total": 1173
  },
  {
    "Crimes_Against_Person": 83,
    "Drug_Off": 36,
    "JusticeProc_Off": 46,
    "Other": 2,
    "Postcode": 3079,
    "Prop_Deception_Off": 853,
    "PublicOrder_Security_Off": 23,
    "Suburb": "Ivanhoe",
    "Total": 1043
  },
  {
    "Crimes_Against_Person": 5,
    "Drug_Off": 3,
    "JusticeProc_Off": 14,
    "Other": 0,
    "Postcode": 3079,
    "Prop_Deception_Off": 87,
    "PublicOrder_Security_Off": 0,
    "Suburb": "Ivanhoe East ",
    "Total": 109
  },
  {
    "Crimes_Against_Person": 26,
    "Drug_Off": 16,
    "JusticeProc_Off": 22,
    "Other": 0,
    "Postcode": 3093,
    "Prop_Deception_Off": 128,
    "PublicOrder_Security_Off": 8,
    "Suburb": "Lower Plenty",
    "Total": 200
  },
  {
    "Crimes_Against_Person": 44,
    "Drug_Off": 11,
    "JusticeProc_Off": 80,
    "Other": 0,
    "Postcode": 3085,
    "Prop_Deception_Off": 280,
    "PublicOrder_Security_Off": 14,
    "Suburb": "Macleod",
    "Total": 429
  },
  {
    "Crimes_Against_Person": 49,
    "Drug_Off": 17,
    "JusticeProc_Off": 25,
    "Other": 0,
    "Postcode": 3094,
    "Prop_Deception_Off": 153,
    "PublicOrder_Security_Off": 17,
    "Suburb": "Montmorency",
    "Total": 261
  },
  {
    "Crimes_Against_Person": 64,
    "Drug_Off": 33,
    "JusticeProc_Off": 45,
    "Other": 1,
    "Postcode": 3084,
    "Prop_Deception_Off": 227,
    "PublicOrder_Security_Off": 15,
    "Suburb": "Rosanna",
    "Total": 385
  },
  {
    "Crimes_Against_Person": 9,
    "Drug_Off": 15,
    "JusticeProc_Off": 13,
    "Other": 0,
    "Postcode": 3088,
    "Prop_Deception_Off": 92,
    "PublicOrder_Security_Off": 9,
    "Suburb": "St Helena",
    "Total": 138
  },
  {
    "Crimes_Against_Person": 30,
    "Drug_Off": 10,
    "JusticeProc_Off": 33,
    "Other": 1,
    "Postcode": 3084,
    "Prop_Deception_Off": 86,
    "PublicOrder_Security_Off": 18,
    "Suburb": "Viewbank",
    "Total": 178
  },
  {
    "Crimes_Against_Person": 75,
    "Drug_Off": 36,
    "JusticeProc_Off": 73,
    "Other": 1,
    "Postcode": 3087,
    "Prop_Deception_Off": 454,
    "PublicOrder_Security_Off": 31,
    "Suburb": "Watsonia",
    "Total": 670
  },
  {
    "Crimes_Against_Person": 20,
    "Drug_Off": 2,
    "JusticeProc_Off": 27,
    "Other": 0,
    "Postcode": 3087,
    "Prop_Deception_Off": 40,
    "PublicOrder_Security_Off": 0,
    "Suburb": "Watsonia North",
    "Total": 89
  },
  {
    "Crimes_Against_Person": 17,
    "Drug_Off": 6,
    "JusticeProc_Off": 25,
    "Other": 1,
    "Postcode": 3085,
    "Prop_Deception_Off": 160,
    "PublicOrder_Security_Off": 3,
    "Suburb": "Yallambie",
    "Total": 212
  },
  {
    "Crimes_Against_Person": 30,
    "Drug_Off": 3,
    "JusticeProc_Off": 17,
    "Other": 0,
    "Postcode": 3078,
    "Prop_Deception_Off": 234,
    "PublicOrder_Security_Off": 4,
    "Suburb": "Alphington",
    "Total": 288
  },
  {
    "Crimes_Against_Person": 299,
    "Drug_Off": 128,
    "JusticeProc_Off": 203,
    "Other": 3,
    "Postcode": 3083,
    "Prop_Deception_Off": 1595,
    "PublicOrder_Security_Off": 61,
    "Suburb": "Bundoora",
    "Total": 2289
  },
  {
    "Crimes_Against_Person": 398,
    "Drug_Off": 208,
    "JusticeProc_Off": 404,
    "Other": 7,
    "Postcode": 3058,
    "Prop_Deception_Off": 2487,
    "PublicOrder_Security_Off": 178,
    "Suburb": "Coburg",
    "Total": 3682
  },
  {
    "Crimes_Against_Person": 98,
    "Drug_Off": 62,
    "JusticeProc_Off": 201,
    "Other": 3,
    "Postcode": 3058,
    "Prop_Deception_Off": 649,
    "PublicOrder_Security_Off": 54,
    "Suburb": "Coburg North",
    "Total": 1067
  },
  {
    "Crimes_Against_Person": 62,
    "Drug_Off": 16,
    "JusticeProc_Off": 54,
    "Other": 1,
    "Postcode": 3078,
    "Prop_Deception_Off": 377,
    "PublicOrder_Security_Off": 6,
    "Suburb": "Fairfield",
    "Total": 516
  },
  {
    "Crimes_Against_Person": 38,
    "Drug_Off": 22,
    "JusticeProc_Off": 37,
    "Other": 0,
    "Postcode": 3083,
    "Prop_Deception_Off": 274,
    "PublicOrder_Security_Off": 15,
    "Suburb": "Kingsbury",
    "Total": 386
  },
  {
    "Crimes_Against_Person": 44,
    "Drug_Off": 11,
    "JusticeProc_Off": 80,
    "Other": 0,
    "Postcode": 3085,
    "Prop_Deception_Off": 280,
    "PublicOrder_Security_Off": 14,
    "Suburb": "Macleod",
    "Total": 429
  },
  {
    "Crimes_Against_Person": 187,
    "Drug_Off": 69,
    "JusticeProc_Off": 101,
    "Other": 11,
    "Postcode": 3070,
    "Prop_Deception_Off": 1410,
    "PublicOrder_Security_Off": 70,
    "Suburb": "Northcote",
    "Total": 1848
  },
  {
    "Crimes_Against_Person": 593,
    "Drug_Off": 268,
    "JusticeProc_Off": 512,
    "Other": 8,
    "Postcode": 3072,
    "Prop_Deception_Off": 3761,
    "PublicOrder_Security_Off": 232,
    "Suburb": "Preston",
    "Total": 5374
  },
  {
    "Crimes_Against_Person": 637,
    "Drug_Off": 263,
    "JusticeProc_Off": 640,
    "Other": 2,
    "Postcode": 3073,
    "Prop_Deception_Off": 3091,
    "PublicOrder_Security_Off": 193,
    "Suburb": "Reservoir",
    "Total": 4826
  },
  {
    "Crimes_Against_Person": 155,
    "Drug_Off": 44,
    "JusticeProc_Off": 121,
    "Other": 2,
    "Postcode": 3071,
    "Prop_Deception_Off": 1104,
    "PublicOrder_Security_Off": 63,
    "Suburb": "Thornbury",
    "Total": 1489
  },
  {
    "Crimes_Against_Person": 27,
    "Drug_Off": 6,
    "JusticeProc_Off": 10,
    "Other": 1,
    "Postcode": 3049,
    "Prop_Deception_Off": 57,
    "PublicOrder_Security_Off": 9,
    "Suburb": "Attwood",
    "Total": 110
  },
  {
    "Crimes_Against_Person": 601,
    "Drug_Off": 313,
    "JusticeProc_Off": 1262,
    "Other": 6,
    "Postcode": 3047,
    "Prop_Deception_Off": 1718,
    "PublicOrder_Security_Off": 214,
    "Suburb": "Broadmeadows",
    "Total": 4114
  },
  {
    "Crimes_Against_Person": 174,
    "Drug_Off": 81,
    "JusticeProc_Off": 115,
    "Other": 9,
    "Postcode": 3061,
    "Prop_Deception_Off": 1064,
    "PublicOrder_Security_Off": 47,
    "Suburb": "Campbellfield",
    "Total": 1490
  },
  {
    "Crimes_Against_Person": 91,
    "Drug_Off": 29,
    "JusticeProc_Off": 68,
    "Other": 1,
    "Postcode": 3048,
    "Prop_Deception_Off": 536,
    "PublicOrder_Security_Off": 33,
    "Suburb": "Coolaroo",
    "Total": 758
  },
  {
    "Crimes_Against_Person": 809,
    "Drug_Off": 170,
    "JusticeProc_Off": 742,
    "Other": 4,
    "Postcode": 3064,
    "Prop_Deception_Off": 2129,
    "PublicOrder_Security_Off": 121,
    "Suburb": "Craigieburn",
    "Total": 3975
  },
  {
    "Crimes_Against_Person": 91,
    "Drug_Off": 40,
    "JusticeProc_Off": 110,
    "Other": 0,
    "Postcode": 3047,
    "Prop_Deception_Off": 233,
    "PublicOrder_Security_Off": 35,
    "Suburb": "Dallas",
    "Total": 509
  },
  {
    "Crimes_Against_Person": 132,
    "Drug_Off": 47,
    "JusticeProc_Off": 112,
    "Other": 1,
    "Postcode": 3043,
    "Prop_Deception_Off": 406,
    "PublicOrder_Security_Off": 34,
    "Suburb": "Gladstone Park",
    "Total": 732
  },
  {
    "Crimes_Against_Person": 150,
    "Drug_Off": 60,
    "JusticeProc_Off": 60,
    "Other": 1,
    "Postcode": 3059,
    "Prop_Deception_Off": 444,
    "PublicOrder_Security_Off": 25,
    "Suburb": "Greenvale",
    "Total": 740
  },
  {
    "Crimes_Against_Person": 51,
    "Drug_Off": 30,
    "JusticeProc_Off": 75,
    "Other": 0,
    "Postcode": 3047,
    "Prop_Deception_Off": 154,
    "PublicOrder_Security_Off": 17,
    "Suburb": "Jacana",
    "Total": 327
  },
  {
    "Crimes_Against_Person": 70,
    "Drug_Off": 14,
    "JusticeProc_Off": 68,
    "Other": 0,
    "Postcode": 3036,
    "Prop_Deception_Off": 236,
    "PublicOrder_Security_Off": 13,
    "Suburb": "Keilor",
    "Total": 401
  },
  {
    "Crimes_Against_Person": 296,
    "Drug_Off": 79,
    "JusticeProc_Off": 254,
    "Other": 2,
    "Postcode": 3048,
    "Prop_Deception_Off": 486,
    "PublicOrder_Security_Off": 72,
    "Suburb": "Meadow Heights",
    "Total": 1189
  },
  {
    "Crimes_Against_Person": 23,
    "Drug_Off": 70,
    "JusticeProc_Off": 17,
    "Other": 2,
    "Postcode": 3045,
    "Prop_Deception_Off": 424,
    "PublicOrder_Security_Off": 36,
    "Suburb": "Melbourne Airport",
    "Total": 572
  },
  {
    "Crimes_Against_Person": 256,
    "Drug_Off": 83,
    "JusticeProc_Off": 195,
    "Other": 0,
    "Postcode": 3064,
    "Prop_Deception_Off": 625,
    "PublicOrder_Security_Off": 77,
    "Suburb": "Roxburgh Park",
    "Total": 1236
  },
  {
    "Crimes_Against_Person": 29,
    "Drug_Off": 17,
    "JusticeProc_Off": 15,
    "Other": 0,
    "Postcode": 3062,
    "Prop_Deception_Off": 190,
    "PublicOrder_Security_Off": 12,
    "Suburb": "Somerton",
    "Total": 263
  },
  {
    "Crimes_Against_Person": 12,
    "Drug_Off": 10,
    "JusticeProc_Off": 12,
    "Other": 0,
    "Postcode": 3428,
    "Prop_Deception_Off": 62,
    "PublicOrder_Security_Off": 13,
    "Suburb": "Bulla",
    "Total": 109
  },
  {
    "Crimes_Against_Person": 1,
    "Drug_Off": 0,
    "JusticeProc_Off": 1,
    "Other": 1,
    "Postcode": 3429,
    "Prop_Deception_Off": 15,
    "PublicOrder_Security_Off": 1,
    "Suburb": "Wildwood",
    "Total": 19
  },
  {
    "Crimes_Against_Person": 4,
    "Drug_Off": 0,
    "JusticeProc_Off": 6,
    "Other": 0,
    "Postcode": 3063,
    "Prop_Deception_Off": 8,
    "PublicOrder_Security_Off": 2,
    "Suburb": "Yuroke",
    "Total": 20
  },
  {
    "Crimes_Against_Person": 297,
    "Drug_Off": 145,
    "JusticeProc_Off": 231,
    "Other": 5,
    "Postcode": 3056,
    "Prop_Deception_Off": 2159,
    "PublicOrder_Security_Off": 146,
    "Suburb": "Brunswick",
    "Total": 2983
  },
  {
    "Crimes_Against_Person": 234,
    "Drug_Off": 69,
    "JusticeProc_Off": 303,
    "Other": 2,
    "Postcode": 3060,
    "Prop_Deception_Off": 577,
    "PublicOrder_Security_Off": 65,
    "Suburb": "Fawkner",
    "Total": 1250
  },
  {
    "Crimes_Against_Person": 27,
    "Drug_Off": 8,
    "JusticeProc_Off": 22,
    "Other": 0,
    "Postcode": 3099,
    "Prop_Deception_Off": 76,
    "PublicOrder_Security_Off": 6,
    "Suburb": "Hurstbridge",
    "Total": 139
  },
  {
    "Crimes_Against_Person": 10,
    "Drug_Off": 4,
    "JusticeProc_Off": 3,
    "Other": 0,
    "Postcode": 3090,
    "Prop_Deception_Off": 42,
    "PublicOrder_Security_Off": 0,
    "Suburb": "Plenty",
    "Total": 59
  },
  {
    "Crimes_Against_Person": 7,
    "Drug_Off": 0,
    "JusticeProc_Off": 0,
    "Other": 0,
    "Postcode": 3775,
    "Prop_Deception_Off": 11,
    "PublicOrder_Security_Off": 0,
    "Suburb": "Christmas Hills",
    "Total": 18
  },
  {
    "Crimes_Against_Person": 618,
    "Drug_Off": 229,
    "JusticeProc_Off": 463,
    "Other": 6,
    "Postcode": 3076,
    "Prop_Deception_Off": 2318,
    "PublicOrder_Security_Off": 159,
    "Suburb": "Epping",
    "Total": 3793
  },
  {
    "Crimes_Against_Person": 339,
    "Drug_Off": 138,
    "JusticeProc_Off": 219,
    "Other": 3,
    "Postcode": 3075,
    "Prop_Deception_Off": 812,
    "PublicOrder_Security_Off": 95,
    "Suburb": "Lalor",
    "Total": 1606
  },
  {
    "Crimes_Against_Person": 44,
    "Drug_Off": 10,
    "JusticeProc_Off": 60,
    "Other": 1,
    "Postcode": 3753,
    "Prop_Deception_Off": 141,
    "PublicOrder_Security_Off": 17,
    "Suburb": "Beveridge",
    "Total": 273
  },
  {
    "Crimes_Against_Person": 39,
    "Drug_Off": 28,
    "JusticeProc_Off": 25,
    "Other": 0,
    "Postcode": 3103,
    "Prop_Deception_Off": 691,
    "PublicOrder_Security_Off": 18,
    "Suburb": "Balwyn",
    "Total": 801
  },
  {
    "Crimes_Against_Person": 122,
    "Drug_Off": 58,
    "JusticeProc_Off": 79,
    "Other": 5,
    "Postcode": 3124,
    "Prop_Deception_Off": 967,
    "PublicOrder_Security_Off": 43,
    "Suburb": "Camberwell",
    "Total": 1274
  },
  {
    "Crimes_Against_Person": 77,
    "Drug_Off": 43,
    "JusticeProc_Off": 56,
    "Other": 0,
    "Postcode": 3146,
    "Prop_Deception_Off": 854,
    "PublicOrder_Security_Off": 21,
    "Suburb": "Glen Iris",
    "Total": 1051
  },
  {
    "Crimes_Against_Person": 33,
    "Drug_Off": 45,
    "JusticeProc_Off": 48,
    "Other": 0,
    "Postcode": 3180,
    "Prop_Deception_Off": 310,
    "PublicOrder_Security_Off": 11,
    "Suburb": "Knoxfield",
    "Total": 447
  },
  {
    "Crimes_Against_Person": 277,
    "Drug_Off": 208,
    "JusticeProc_Off": 227,
    "Other": 0,
    "Postcode": 3156,
    "Prop_Deception_Off": 1200,
    "PublicOrder_Security_Off": 93,
    "Suburb": "Ferntree Gully",
    "Total": 2005
  },
  {
    "Crimes_Against_Person": 182,
    "Drug_Off": 87,
    "JusticeProc_Off": 124,
    "Other": 1,
    "Postcode": 3108,
    "Prop_Deception_Off": 1286,
    "PublicOrder_Security_Off": 52,
    "Suburb": "Doncaster",
    "Total": 1732
  },
  {
    "Crimes_Against_Person": 30,
    "Drug_Off": 6,
    "JusticeProc_Off": 11,
    "Other": 0,
    "Postcode": 3113,
    "Prop_Deception_Off": 112,
    "PublicOrder_Security_Off": 13,
    "Suburb": "Warrandyte",
    "Total": 172
  },
  {
    "Crimes_Against_Person": 488,
    "Drug_Off": 188,
    "JusticeProc_Off": 382,
    "Other": 10,
    "Postcode": 3136,
    "Prop_Deception_Off": 1337,
    "PublicOrder_Security_Off": 153,
    "Suburb": "Croydon",
    "Total": 2558
  },
  {
    "Crimes_Against_Person": 423,
    "Drug_Off": 185,
    "JusticeProc_Off": 847,
    "Other": 5,
    "Postcode": 3134,
    "Prop_Deception_Off": 1640,
    "PublicOrder_Security_Off": 283,
    "Suburb": "Ringwood",
    "Total": 3383
  },
  {
    "Crimes_Against_Person": 322,
    "Drug_Off": 94,
    "JusticeProc_Off": 187,
    "Other": 6,
    "Postcode": 3128,
    "Prop_Deception_Off": 1573,
    "PublicOrder_Security_Off": 75,
    "Suburb": "Box Hill",
    "Total": 2257
  },
  {
    "Crimes_Against_Person": 137,
    "Drug_Off": 24,
    "JusticeProc_Off": 141,
    "Other": 0,
    "Postcode": 3125,
    "Prop_Deception_Off": 676,
    "PublicOrder_Security_Off": 30,
    "Suburb": "Burwood",
    "Total": 1008
  },
  {
    "Crimes_Against_Person": 105,
    "Drug_Off": 40,
    "JusticeProc_Off": 126,
    "Other": 2,
    "Postcode": 3133,
    "Prop_Deception_Off": 617,
    "PublicOrder_Security_Off": 18,
    "Suburb": "Vermont",
    "Total": 908
  },
  {
    "Crimes_Against_Person": 42,
    "Drug_Off": 12,
    "JusticeProc_Off": 33,
    "Other": 0,
    "Postcode": 3127,
    "Prop_Deception_Off": 382,
    "PublicOrder_Security_Off": 16,
    "Suburb": "Surrey Hills",
    "Total": 485
  },
  {
    "Crimes_Against_Person": 59,
    "Drug_Off": 29,
    "JusticeProc_Off": 29,
    "Other": 2,
    "Postcode": 3160,
    "Prop_Deception_Off": 199,
    "PublicOrder_Security_Off": 33,
    "Suburb": "Belgrave",
    "Total": 351
  },
  {
    "Crimes_Against_Person": 98,
    "Drug_Off": 21,
    "JusticeProc_Off": 105,
    "Other": 0,
    "Postcode": 3777,
    "Prop_Deception_Off": 226,
    "PublicOrder_Security_Off": 10,
    "Suburb": "Healesville",
    "Total": 460
  },
  {
    "Crimes_Against_Person": 102,
    "Drug_Off": 32,
    "JusticeProc_Off": 96,
    "Other": 2,
    "Postcode": 3186,
    "Prop_Deception_Off": 949,
    "PublicOrder_Security_Off": 25,
    "Suburb": "Brighton",
    "Total": 1206
  },
  {
    "Crimes_Against_Person": 264,
    "Drug_Off": 91,
    "JusticeProc_Off": 231,
    "Other": 8,
    "Postcode": 3192,
    "Prop_Deception_Off": 1535,
    "PublicOrder_Security_Off": 86,
    "Suburb": "Cheltenham",
    "Total": 2215
  },
  {
    "Crimes_Against_Person": 78,
    "Drug_Off": 35,
    "JusticeProc_Off": 177,
    "Other": 0,
    "Postcode": 3191,
    "Prop_Deception_Off": 417,
    "PublicOrder_Security_Off": 19,
    "Suburb": "Sandringham",
    "Total": 726
  },
  {
    "Crimes_Against_Person": 790,
    "Drug_Off": 271,
    "JusticeProc_Off": 749,
    "Other": 9,
    "Postcode": 3810,
    "Prop_Deception_Off": 2343,
    "PublicOrder_Security_Off": 239,
    "Suburb": "Pakenham",
    "Total": 4401
  },
  {
    "Crimes_Against_Person": 38,
    "Drug_Off": 30,
    "JusticeProc_Off": 42,
    "Other": 0,
    "Postcode": 3782,
    "Prop_Deception_Off": 125,
    "PublicOrder_Security_Off": 17,
    "Suburb": "Emerald",
    "Total": 252
  },
  {
    "Crimes_Against_Person": 14,
    "Drug_Off": 3,
    "JusticeProc_Off": 5,
    "Other": 0,
    "Postcode": 3815,
    "Prop_Deception_Off": 53,
    "PublicOrder_Security_Off": 0,
    "Suburb": "Bunyip",
    "Total": 75
  },
  {
    "Crimes_Against_Person": 7,
    "Drug_Off": 7,
    "JusticeProc_Off": 5,
    "Other": 1,
    "Postcode": 3814,
    "Prop_Deception_Off": 53,
    "PublicOrder_Security_Off": 4,
    "Suburb": "Garfield",
    "Total": 77
  },
  {
    "Crimes_Against_Person": 1217,
    "Drug_Off": 427,
    "JusticeProc_Off": 1026,
    "Other": 4,
    "Postcode": 3977,
    "Prop_Deception_Off": 4100,
    "PublicOrder_Security_Off": 321,
    "Suburb": "Cranbourne",
    "Total": 7095
  },
  {
    "Crimes_Against_Person": 393,
    "Drug_Off": 165,
    "JusticeProc_Off": 381,
    "Other": 4,
    "Postcode": 3806,
    "Prop_Deception_Off": 1559,
    "PublicOrder_Security_Off": 121,
    "Suburb": "Berwick",
    "Total": 2623
  },
  {
    "Crimes_Against_Person": 2,
    "Drug_Off": 0,
    "JusticeProc_Off": 2,
    "Other": 0,
    "Postcode": 3980,
    "Prop_Deception_Off": 6,
    "PublicOrder_Security_Off": 0,
    "Suburb": "Warneet",
    "Total": 10
  },
  {
    "Crimes_Against_Person": 1539,
    "Drug_Off": 756,
    "JusticeProc_Off": 1972,
    "Other": 19,
    "Postcode": 3175,
    "Prop_Deception_Off": 5029,
    "PublicOrder_Security_Off": 819,
    "Suburb": "Dandenong",
    "Total": 10134
  },
  {
    "Crimes_Against_Person": 366,
    "Drug_Off": 214,
    "JusticeProc_Off": 185,
    "Other": 7,
    "Postcode": 3171,
    "Prop_Deception_Off": 1754,
    "PublicOrder_Security_Off": 194,
    "Suburb": "Springvale",
    "Total": 2720
  },
  {
    "Crimes_Against_Person": 264,
    "Drug_Off": 148,
    "JusticeProc_Off": 172,
    "Other": 1,
    "Postcode": 3173,
    "Prop_Deception_Off": 1402,
    "PublicOrder_Security_Off": 81,
    "Suburb": "Keysborough",
    "Total": 2068
  },
  {
    "Crimes_Against_Person": 304,
    "Drug_Off": 168,
    "JusticeProc_Off": 249,
    "Other": 2,
    "Postcode": 3198,
    "Prop_Deception_Off": 1186,
    "PublicOrder_Security_Off": 121,
    "Suburb": "Seaford",
    "Total": 2030
  },
  {
    "Crimes_Against_Person": 1153,
    "Drug_Off": 578,
    "JusticeProc_Off": 1869,
    "Other": 6,
    "Postcode": 3199,
    "Prop_Deception_Off": 4220,
    "PublicOrder_Security_Off": 659,
    "Suburb": "Frankston",
    "Total": 8485
  },
  {
    "Crimes_Against_Person": 28,
    "Drug_Off": 12,
    "JusticeProc_Off": 16,
    "Other": 0,
    "Postcode": 3977,
    "Prop_Deception_Off": 70,
    "PublicOrder_Security_Off": 10,
    "Suburb": "Sandhurst",
    "Total": 136
  },
  {
    "Crimes_Against_Person": 127,
    "Drug_Off": 53,
    "JusticeProc_Off": 117,
    "Other": 2,
    "Postcode": 3204,
    "Prop_Deception_Off": 666,
    "PublicOrder_Security_Off": 33,
    "Suburb": "Bentleigh",
    "Total": 998
  },
  {
    "Crimes_Against_Person": 21,
    "Drug_Off": 22,
    "JusticeProc_Off": 22,
    "Other": 0,
    "Postcode": 3204,
    "Prop_Deception_Off": 131,
    "PublicOrder_Security_Off": 11,
    "Suburb": "McKinnon",
    "Total": 207
  },
  {
    "Crimes_Against_Person": 281,
    "Drug_Off": 114,
    "JusticeProc_Off": 94,
    "Other": 1,
    "Postcode": 3168,
    "Prop_Deception_Off": 1298,
    "PublicOrder_Security_Off": 84,
    "Suburb": "Clayton",
    "Total": 1872
  },
  {
    "Crimes_Against_Person": 124,
    "Drug_Off": 67,
    "JusticeProc_Off": 244,
    "Other": 1,
    "Postcode": 3190,
    "Prop_Deception_Off": 536,
    "PublicOrder_Security_Off": 73,
    "Suburb": "Highett",
    "Total": 1045
  },
  {
    "Crimes_Against_Person": 101,
    "Drug_Off": 39,
    "JusticeProc_Off": 57,
    "Other": 0,
    "Postcode": 3194,
    "Prop_Deception_Off": 606,
    "PublicOrder_Security_Off": 28,
    "Suburb": "Mentone",
    "Total": 831
  },
  {
    "Crimes_Against_Person": 140,
    "Drug_Off": 56,
    "JusticeProc_Off": 125,
    "Other": 0,
    "Postcode": 3148,
    "Prop_Deception_Off": 676,
    "PublicOrder_Security_Off": 44,
    "Suburb": "Chadstone",
    "Total": 1041
  },
  {
    "Crimes_Against_Person": 25,
    "Drug_Off": 2,
    "JusticeProc_Off": 11,
    "Other": 0,
    "Postcode": 3166,
    "Prop_Deception_Off": 88,
    "PublicOrder_Security_Off": 7,
    "Suburb": "Huntingdale",
    "Total": 133
  },
  {
    "Crimes_Against_Person": 172,
    "Drug_Off": 39,
    "JusticeProc_Off": 124,
    "Other": 1,
    "Postcode": 3149,
    "Prop_Deception_Off": 1096,
    "PublicOrder_Security_Off": 62,
    "Suburb": "Mount Waverly",
    "Total": 1494
  },
  {
    "Crimes_Against_Person": 197,
    "Drug_Off": 73,
    "JusticeProc_Off": 141,
    "Other": 0,
    "Postcode": 3166,
    "Prop_Deception_Off": 1067,
    "PublicOrder_Security_Off": 66,
    "Suburb": "Oakleigh",
    "Total": 1544
  },
  {
    "Crimes_Against_Person": 298,
    "Drug_Off": 145,
    "JusticeProc_Off": 261,
    "Other": 10,
    "Postcode": 3931,
    "Prop_Deception_Off": 1053,
    "PublicOrder_Security_Off": 212,
    "Suburb": "Mornington",
    "Total": 1979
  },
  {
    "Crimes_Against_Person": 80,
    "Drug_Off": 36,
    "JusticeProc_Off": 54,
    "Other": 1,
    "Postcode": 3912,
    "Prop_Deception_Off": 329,
    "PublicOrder_Security_Off": 36,
    "Suburb": "Somerville",
    "Total": 536
  },
  {
    "Crimes_Against_Person": 6,
    "Drug_Off": 1,
    "JusticeProc_Off": 1,
    "Other": 1,
    "Postcode": 3936,
    "Prop_Deception_Off": 12,
    "PublicOrder_Security_Off": 0,
    "Suburb": "Arthurs Seat",
    "Total": 21
  },
  {
    "Crimes_Against_Person": 0,
    "Drug_Off": 0,
    "JusticeProc_Off": 3,
    "Other": 0,
    "Postcode": 3916,
    "Prop_Deception_Off": 22,
    "PublicOrder_Security_Off": 0,
    "Suburb": "Shoreham",
    "Total": 25
  },
  {
    "Crimes_Against_Person": 49,
    "Drug_Off": 26,
    "JusticeProc_Off": 33,
    "Other": 1,
    "Postcode": 3143,
    "Prop_Deception_Off": 547,
    "PublicOrder_Security_Off": 18,
    "Suburb": "Armadale",
    "Total": 674
  },
  {
    "Crimes_Against_Person": 92,
    "Drug_Off": 22,
    "JusticeProc_Off": 68,
    "Other": 23,
    "Postcode": 3144,
    "Prop_Deception_Off": 480,
    "PublicOrder_Security_Off": 18,
    "Suburb": "Malvern",
    "Total": 703
  },
  {
    "Crimes_Against_Person": 109,
    "Drug_Off": 54,
    "JusticeProc_Off": 68,
    "Other": 5,
    "Postcode": 3142,
    "Prop_Deception_Off": 761,
    "PublicOrder_Security_Off": 50,
    "Suburb": "Toorak",
    "Total": 1047
  },
  {
    "Crimes_Against_Person": 61,
    "Drug_Off": 17,
    "JusticeProc_Off": 36,
    "Other": 0,
    "Postcode": 3023,
    "Prop_Deception_Off": 287,
    "PublicOrder_Security_Off": 28,
    "Suburb": "Cairnlea",
    "Total": 429
  },
  {
    "Crimes_Against_Person": 292,
    "Drug_Off": 111,
    "JusticeProc_Off": 141,
    "Other": 5,
    "Postcode": 3023,
    "Prop_Deception_Off": 1051,
    "PublicOrder_Security_Off": 96,
    "Suburb": "Deer Park",
    "Total": 1696
  },
  {
    "Crimes_Against_Person": 1000,
    "Drug_Off": 430,
    "JusticeProc_Off": 1357,
    "Other": 17,
    "Postcode": 3020,
    "Prop_Deception_Off": 3213,
    "PublicOrder_Security_Off": 501,
    "Suburb": "Sunshine",
    "Total": 6518
  },
  {
    "Crimes_Against_Person": 104,
    "Drug_Off": 54,
    "JusticeProc_Off": 85,
    "Other": 4,
    "Postcode": 3018,
    "Prop_Deception_Off": 384,
    "PublicOrder_Security_Off": 52,
    "Suburb": "Altona",
    "Total": 683
  },
  {
    "Crimes_Against_Person": 114,
    "Drug_Off": 29,
    "JusticeProc_Off": 84,
    "Other": 2,
    "Postcode": 3028,
    "Prop_Deception_Off": 345,
    "PublicOrder_Security_Off": 22,
    "Suburb": "Laverton",
    "Total": 596
  },
  {
    "Crimes_Against_Person": 81,
    "Drug_Off": 23,
    "JusticeProc_Off": 67,
    "Other": 14,
    "Postcode": 3015,
    "Prop_Deception_Off": 403,
    "PublicOrder_Security_Off": 21,
    "Suburb": "Newport",
    "Total": 609
  },
  {
    "Crimes_Against_Person": 26,
    "Drug_Off": 5,
    "JusticeProc_Off": 6,
    "Other": 0,
    "Postcode": 3028,
    "Prop_Deception_Off": 95,
    "PublicOrder_Security_Off": 3,
    "Suburb": "Seabrook",
    "Total": 135
  },
  {
    "Crimes_Against_Person": 392,
    "Drug_Off": 185,
    "JusticeProc_Off": 214,
    "Other": 4,
    "Postcode": 3011,
    "Prop_Deception_Off": 1615,
    "PublicOrder_Security_Off": 226,
    "Suburb": "Footscray",
    "Total": 2636
  },
  {
    "Crimes_Against_Person": 126,
    "Drug_Off": 26,
    "JusticeProc_Off": 64,
    "Other": 2,
    "Postcode": 3013,
    "Prop_Deception_Off": 608,
    "PublicOrder_Security_Off": 36,
    "Suburb": "Yarraville",
    "Total": 862
  },
  {
    "Crimes_Against_Person": 628,
    "Drug_Off": 194,
    "JusticeProc_Off": 681,
    "Other": 7,
    "Postcode": 3337,
    "Prop_Deception_Off": 1887,
    "PublicOrder_Security_Off": 273,
    "Suburb": "Meltone",
    "Total": 3670
  },
  {
    "Crimes_Against_Person": 319,
    "Drug_Off": 76,
    "JusticeProc_Off": 294,
    "Other": 1,
    "Postcode": 3023,
    "Prop_Deception_Off": 629,
    "PublicOrder_Security_Off": 73,
    "Suburb": "Caroline Springs",
    "Total": 1392
  },
  {
    "Crimes_Against_Person": 203,
    "Drug_Off": 54,
    "JusticeProc_Off": 264,
    "Other": 0,
    "Postcode": 3029,
    "Prop_Deception_Off": 1233,
    "PublicOrder_Security_Off": 43,
    "Suburb": "Truganina",
    "Total": 1797
  },
  {
    "Crimes_Against_Person": 92,
    "Drug_Off": 77,
    "JusticeProc_Off": 85,
    "Other": 0,
    "Postcode": 3042,
    "Prop_Deception_Off": 619,
    "PublicOrder_Security_Off": 41,
    "Suburb": "Airport West",
    "Total": 914
  },
  {
    "Crimes_Against_Person": 171,
    "Drug_Off": 65,
    "JusticeProc_Off": 182,
    "Other": 9,
    "Postcode": 3040,
    "Prop_Deception_Off": 874,
    "PublicOrder_Security_Off": 86,
    "Suburb": "Essendon",
    "Total": 1387
  },
  {
    "Crimes_Against_Person": 51,
    "Drug_Off": 26,
    "JusticeProc_Off": 39,
    "Other": 0,
    "Postcode": 3041,
    "Prop_Deception_Off": 220,
    "PublicOrder_Security_Off": 13,
    "Suburb": "Strathmore",
    "Total": 349
  },
  {
    "Crimes_Against_Person": 437,
    "Drug_Off": 140,
    "JusticeProc_Off": 294,
    "Other": 1,
    "Postcode": 3030,
    "Prop_Deception_Off": 1464,
    "PublicOrder_Security_Off": 84,
    "Suburb": "Point Cook",
    "Total": 2420
  },
  {
    "Crimes_Against_Person": 519,
    "Drug_Off": 126,
    "JusticeProc_Off": 393,
    "Other": 1,
    "Postcode": 3029,
    "Prop_Deception_Off": 2041,
    "PublicOrder_Security_Off": 159,
    "Suburb": "Hoppers Crossing",
    "Total": 3239
  },
  {
    "Crimes_Against_Person": 762,
    "Drug_Off": 302,
    "JusticeProc_Off": 1114,
    "Other": 10,
    "Postcode": 3030,
    "Prop_Deception_Off": 2636,
    "PublicOrder_Security_Off": 288,
    "Suburb": "Werribee",
    "Total": 5112
  },
  {
    "Crimes_Against_Person": 54,
    "Drug_Off": 10,
    "JusticeProc_Off": 31,
    "Other": 1,
    "Postcode": 3030,
    "Prop_Deception_Off": 302,
    "PublicOrder_Security_Off": 10,
    "Suburb": "Williams Landing",
    "Total": 408
  },
  {
    "Crimes_Against_Person": 515,
    "Drug_Off": 187,
    "JusticeProc_Off": 464,
    "Other": 5,
    "Postcode": 3429,
    "Prop_Deception_Off": 1409,
    "PublicOrder_Security_Off": 235,
    "Suburb": "Sunbury",
    "Total": 2815
  },
  {
    "Crimes_Against_Person": 488,
    "Drug_Off": 233,
    "JusticeProc_Off": 758,
    "Other": 8,
    "Postcode": 3220,
    "Prop_Deception_Off": 1538,
    "PublicOrder_Security_Off": 390,
    "Suburb": "Geelong",
    "Total": 3415
  },
  {
    "Crimes_Against_Person": 0,
    "Drug_Off": 1,
    "JusticeProc_Off": 0,
    "Other": 0,
    "Postcode": 3551,
    "Prop_Deception_Off": 2,
    "PublicOrder_Security_Off": 0,
    "Suburb": "Tarnagulla",
    "Total": 3
  },
  {
    "Crimes_Against_Person": 35,
    "Drug_Off": 4,
    "JusticeProc_Off": 16,
    "Other": 3,
    "Postcode": 3264,
    "Prop_Deception_Off": 46,
    "PublicOrder_Security_Off": 7,
    "Suburb": "Terang",
    "Total": 111
  },
  {
    "Crimes_Against_Person": 0,
    "Drug_Off": 0,
    "JusticeProc_Off": 0,
    "Other": 0,
    "Postcode": 3709,
    "Prop_Deception_Off": 2,
    "PublicOrder_Security_Off": 0,
    "Suburb": "Walwa",
    "Total": 2
  },
  {
    "Crimes_Against_Person": 28,
    "Drug_Off": 6,
    "JusticeProc_Off": 12,
    "Other": 0,
    "Postcode": 3113,
    "Prop_Deception_Off": 91,
    "PublicOrder_Security_Off": 14,
    "Suburb": "Warrandyte",
    "Total": 151
  },
  {
    "Crimes_Against_Person": 0,
    "Drug_Off": 2,
    "JusticeProc_Off": 2,
    "Other": 0,
    "Postcode": 3496,
    "Prop_Deception_Off": 4,
    "PublicOrder_Security_Off": 0,
    "Suburb": "Werrimull",
    "Total": 8
  },
  {
    "Crimes_Against_Person": 4,
    "Drug_Off": 0,
    "JusticeProc_Off": 0,
    "Other": 0,
    "Postcode": 3546,
    "Prop_Deception_Off": 9,
    "PublicOrder_Security_Off": 0,
    "Suburb": "Manangatang",
    "Total": 13
  },
  {
    "Crimes_Against_Person": 0,
    "Drug_Off": 0,
    "JusticeProc_Off": 0,
    "Other": 0,
    "Postcode": 3030,
    "Prop_Deception_Off": 10,
    "PublicOrder_Security_Off": 0,
    "Suburb": "Quandong",
    "Total": 10
  },
  {
    "Crimes_Against_Person": 1,
    "Drug_Off": 2,
    "JusticeProc_Off": 5,
    "Other": 0,
    "Postcode": 3430,
    "Prop_Deception_Off": 25,
    "PublicOrder_Security_Off": 1,
    "Suburb": "Clarkefield",
    "Total": 34
  },
  {
    "Crimes_Against_Person": 57,
    "Drug_Off": 4,
    "JusticeProc_Off": 40,
    "Other": 0,
    "Postcode": 3427,
    "Prop_Deception_Off": 169,
    "PublicOrder_Security_Off": 10,
    "Suburb": "Diggers Rest",
    "Total": 280
  },
  {
    "Crimes_Against_Person": 96,
    "Drug_Off": 27,
    "JusticeProc_Off": 69,
    "Other": 0,
    "Postcode": 3064,
    "Prop_Deception_Off": 437,
    "PublicOrder_Security_Off": 16,
    "Suburb": "Mickleham",
    "Total": 645
  },
  {
    "Crimes_Against_Person": 1,
    "Drug_Off": 0,
    "JusticeProc_Off": 2,
    "Other": 0,
    "Postcode": 3063,
    "Prop_Deception_Off": 18,
    "PublicOrder_Security_Off": 0,
    "Suburb": "Oaklands Junction",
    "Total": 21
  },
  {
    "Crimes_Against_Person": 120,
    "Drug_Off": 14,
    "JusticeProc_Off": 36,
    "Other": 1,
    "Postcode": 3057,
    "Prop_Deception_Off": 768,
    "PublicOrder_Security_Off": 35,
    "Suburb": "Brunswick East",
    "Total": 974
  },
  {
    "Crimes_Against_Person": 114,
    "Drug_Off": 45,
    "JusticeProc_Off": 58,
    "Other": 0,
    "Postcode": 3055,
    "Prop_Deception_Off": 644,
    "PublicOrder_Security_Off": 37,
    "Suburb": "Brunswick West",
    "Total": 898
  },
  {
    "Crimes_Against_Person": 389,
    "Drug_Off": 117,
    "JusticeProc_Off": 296,
    "Other": 4,
    "Postcode": 3046,
    "Prop_Deception_Off": 1269,
    "PublicOrder_Security_Off": 109,
    "Suburb": "Glenroy",
    "Total": 2184
  },
  {
    "Crimes_Against_Person": 42,
    "Drug_Off": 9,
    "JusticeProc_Off": 17,
    "Other": 0,
    "Postcode": 3043,
    "Prop_Deception_Off": 42,
    "PublicOrder_Security_Off": 2,
    "Suburb": "Gowanbrae",
    "Total": 112
  },
  {
    "Crimes_Against_Person": 96,
    "Drug_Off": 34,
    "JusticeProc_Off": 107,
    "Other": 0,
    "Postcode": 3046,
    "Prop_Deception_Off": 314,
    "PublicOrder_Security_Off": 21,
    "Suburb": "Hadfield",
    "Total": 572
  },
  {
    "Crimes_Against_Person": 51,
    "Drug_Off": 9,
    "JusticeProc_Off": 25,
    "Other": 2,
    "Postcode": 3046,
    "Prop_Deception_Off": 154,
    "PublicOrder_Security_Off": 8,
    "Suburb": "Oak Park",
    "Total": 249
  },
  {
    "Crimes_Against_Person": 255,
    "Drug_Off": 70,
    "JusticeProc_Off": 208,
    "Other": 4,
    "Postcode": 3044,
    "Prop_Deception_Off": 855,
    "PublicOrder_Security_Off": 32,
    "Suburb": "Pascoe Vale",
    "Total": 1424
  },
  {
    "Crimes_Against_Person": 67,
    "Drug_Off": 13,
    "JusticeProc_Off": 42,
    "Other": 1,
    "Postcode": 3044,
    "Prop_Deception_Off": 308,
    "PublicOrder_Security_Off": 8,
    "Suburb": "Pascoe Vale South",
    "Total": 439
  },
  {
    "Crimes_Against_Person": 86,
    "Drug_Off": 41,
    "JusticeProc_Off": 72,
    "Other": 5,
    "Postcode": 3089,
    "Prop_Deception_Off": 272,
    "PublicOrder_Security_Off": 34,
    "Suburb": "Diamond Creek",
    "Total": 510
  },
  {
    "Crimes_Against_Person": 7,
    "Drug_Off": 6,
    "JusticeProc_Off": 5,
    "Other": 0,
    "Postcode": 3113,
    "Prop_Deception_Off": 21,
    "PublicOrder_Security_Off": 4,
    "Suburb": "North Warrandyte",
    "Total": 43
  },
  {
    "Crimes_Against_Person": 10,
    "Drug_Off": 3,
    "JusticeProc_Off": 9,
    "Other": 0,
    "Postcode": 3095,
    "Prop_Deception_Off": 33,
    "PublicOrder_Security_Off": 6,
    "Suburb": "Research",
    "Total": 61
  },
  {
    "Crimes_Against_Person": 6,
    "Drug_Off": 2,
    "JusticeProc_Off": 13,
    "Other": 1,
    "Postcode": 3096,
    "Prop_Deception_Off": 39,
    "PublicOrder_Security_Off": 1,
    "Suburb": "Wattle Glen",
    "Total": 62
  },
  {
    "Crimes_Against_Person": 1,
    "Drug_Off": 0,
    "JusticeProc_Off": 0,
    "Other": 0,
    "Postcode": 3097,
    "Prop_Deception_Off": 2,
    "PublicOrder_Security_Off": 0,
    "Suburb": "Bend Of Islands",
    "Total": 3
  },
  {
    "Crimes_Against_Person": 5,
    "Drug_Off": 0,
    "JusticeProc_Off": 5,
    "Other": 0,
    "Postcode": 3099,
    "Prop_Deception_Off": 4,
    "PublicOrder_Security_Off": 0,
    "Suburb": "Cottles Bridge",
    "Total": 14
  },
  {
    "Crimes_Against_Person": 183,
    "Drug_Off": 35,
    "JusticeProc_Off": 296,
    "Other": 3,
    "Postcode": 3754,
    "Prop_Deception_Off": 406,
    "PublicOrder_Security_Off": 22,
    "Suburb": "Doreen",
    "Total": 945
  },
  {
    "Crimes_Against_Person": 7,
    "Drug_Off": 1,
    "JusticeProc_Off": 4,
    "Other": 0,
    "Postcode": 3097,
    "Prop_Deception_Off": 21,
    "PublicOrder_Security_Off": 1,
    "Suburb": "Kangaroo Ground",
    "Total": 34
  },
  {
    "Crimes_Against_Person": 13,
    "Drug_Off": 3,
    "JusticeProc_Off": 26,
    "Other": 0,
    "Postcode": 3763,
    "Prop_Deception_Off": 26,
    "PublicOrder_Security_Off": 2,
    "Suburb": "Kinglake",
    "Total": 70
  },
  {
    "Crimes_Against_Person": 19,
    "Drug_Off": 0,
    "JusticeProc_Off": 8,
    "Other": 0,
    "Postcode": 3757,
    "Prop_Deception_Off": 34,
    "PublicOrder_Security_Off": 1,
    "Suburb": "Kinglake West",
    "Total": 62
  },
  {
    "Crimes_Against_Person": 7,
    "Drug_Off": 0,
    "JusticeProc_Off": 3,
    "Other": 0,
    "Postcode": 3099,
    "Prop_Deception_Off": 10,
    "PublicOrder_Security_Off": 0,
    "Suburb": "Nutfield",
    "Total": 20
  },
  {
    "Crimes_Against_Person": 0,
    "Drug_Off": 1,
    "JusticeProc_Off": 2,
    "Other": 0,
    "Postcode": 3759,
    "Prop_Deception_Off": 6,
    "PublicOrder_Security_Off": 1,
    "Suburb": "Panton Hill",
    "Total": 10
  },
  {
    "Crimes_Against_Person": 0,
    "Drug_Off": 0,
    "JusticeProc_Off": 0,
    "Other": 0,
    "Postcode": 3760,
    "Prop_Deception_Off": 0,
    "PublicOrder_Security_Off": 0,
    "Suburb": "Smiths Gully",
    "Total": 0
  },
  {
    "Crimes_Against_Person": 1,
    "Drug_Off": 0,
    "JusticeProc_Off": 0,
    "Other": 0,
    "Postcode": 3099,
    "Prop_Deception_Off": 4,
    "PublicOrder_Security_Off": 1,
    "Suburb": "Strathewen",
    "Total": 6
  },
  {
    "Crimes_Against_Person": 0,
    "Drug_Off": 1,
    "JusticeProc_Off": 0,
    "Other": 0,
    "Postcode": 3097,
    "Prop_Deception_Off": 0,
    "PublicOrder_Security_Off": 3,
    "Suburb": "Watsons Creek",
    "Total": 4
  },
  {
    "Crimes_Against_Person": 1,
    "Drug_Off": 6,
    "JusticeProc_Off": 2,
    "Other": 0,
    "Postcode": 3755,
    "Prop_Deception_Off": 9,
    "PublicOrder_Security_Off": 0,
    "Suburb": "Yan Yean",
    "Total": 18
  },
  {
    "Crimes_Against_Person": 13,
    "Drug_Off": 3,
    "JusticeProc_Off": 16,
    "Other": 1,
    "Postcode": 3091,
    "Prop_Deception_Off": 47,
    "PublicOrder_Security_Off": 2,
    "Suburb": "Yarrambat",
    "Total": 82
  },
  {
    "Crimes_Against_Person": 263,
    "Drug_Off": 65,
    "JusticeProc_Off": 211,
    "Other": 0,
    "Postcode": 3754,
    "Prop_Deception_Off": 674,
    "PublicOrder_Security_Off": 45,
    "Suburb": "Mernda",
    "Total": 1258
  },
  {
    "Crimes_Against_Person": 386,
    "Drug_Off": 124,
    "JusticeProc_Off": 403,
    "Other": 7,
    "Postcode": 3082,
    "Prop_Deception_Off": 1211,
    "PublicOrder_Security_Off": 88,
    "Suburb": "Mill Park",
    "Total": 2219
  },
  {
    "Crimes_Against_Person": 252,
    "Drug_Off": 66,
    "JusticeProc_Off": 183,
    "Other": 2,
    "Postcode": 3752,
    "Prop_Deception_Off": 711,
    "PublicOrder_Security_Off": 56,
    "Suburb": "South Morang",
    "Total": 1270
  },
  {
    "Crimes_Against_Person": 373,
    "Drug_Off": 192,
    "JusticeProc_Off": 284,
    "Other": 16,
    "Postcode": 3074,
    "Prop_Deception_Off": 1890,
    "PublicOrder_Security_Off": 118,
    "Suburb": "Thomastown",
    "Total": 2873
  },
  {
    "Crimes_Against_Person": 5,
    "Drug_Off": 4,
    "JusticeProc_Off": 28,
    "Other": 1,
    "Postcode": 3064,
    "Prop_Deception_Off": 59,
    "PublicOrder_Security_Off": 2,
    "Suburb": "Donnybrook",
    "Total": 99
  },
  {
    "Crimes_Against_Person": 17,
    "Drug_Off": 1,
    "JusticeProc_Off": 7,
    "Other": 0,
    "Postcode": 3757,
    "Prop_Deception_Off": 19,
    "PublicOrder_Security_Off": 4,
    "Suburb": "Eden Park",
    "Total": 48
  },
  {
    "Crimes_Against_Person": 2,
    "Drug_Off": 3,
    "JusticeProc_Off": 1,
    "Other": 0,
    "Postcode": 3757,
    "Prop_Deception_Off": 7,
    "PublicOrder_Security_Off": 0,
    "Suburb": "Humevale",
    "Total": 13
  },
  {
    "Crimes_Against_Person": 74,
    "Drug_Off": 15,
    "JusticeProc_Off": 65,
    "Other": 5,
    "Postcode": 3757,
    "Prop_Deception_Off": 247,
    "PublicOrder_Security_Off": 24,
    "Suburb": "Whittlesea",
    "Total": 430
  },
  {
    "Crimes_Against_Person": 120,
    "Drug_Off": 42,
    "JusticeProc_Off": 92,
    "Other": 0,
    "Postcode": 3750,
    "Prop_Deception_Off": 561,
    "PublicOrder_Security_Off": 19,
    "Suburb": "Wollert",
    "Total": 834
  },
  {
    "Crimes_Against_Person": 1,
    "Drug_Off": 6,
    "JusticeProc_Off": 3,
    "Other": 0,
    "Postcode": 3751,
    "Prop_Deception_Off": 12,
    "PublicOrder_Security_Off": 0,
    "Suburb": "Woodstock",
    "Total": 22
  },
  {
    "Crimes_Against_Person": 52,
    "Drug_Off": 66,
    "JusticeProc_Off": 35,
    "Other": 0,
    "Postcode": 3147,
    "Prop_Deception_Off": 426,
    "PublicOrder_Security_Off": 21,
    "Suburb": "Ashburton",
    "Total": 600
  },
  {
    "Crimes_Against_Person": 63,
    "Drug_Off": 17,
    "JusticeProc_Off": 39,
    "Other": 0,
    "Postcode": 3104,
    "Prop_Deception_Off": 484,
    "PublicOrder_Security_Off": 13,
    "Suburb": "Balwyn North",
    "Total": 616
  },
  {
    "Crimes_Against_Person": 23,
    "Drug_Off": 9,
    "JusticeProc_Off": 4,
    "Other": 1,
    "Postcode": 3126,
    "Prop_Deception_Off": 179,
    "PublicOrder_Security_Off": 3,
    "Suburb": "Canterbury",
    "Total": 219
  },
  {
    "Crimes_Against_Person": 4,
    "Drug_Off": 2,
    "JusticeProc_Off": 4,
    "Other": 2,
    "Postcode": 3103,
    "Prop_Deception_Off": 52,
    "PublicOrder_Security_Off": 3,
    "Suburb": "Deepdene",
    "Total": 67
  },
  {
    "Crimes_Against_Person": 158,
    "Drug_Off": 43,
    "JusticeProc_Off": 80,
    "Other": 3,
    "Postcode": 3122,
    "Prop_Deception_Off": 1030,
    "PublicOrder_Security_Off": 52,
    "Suburb": "Hawthorn",
    "Total": 1366
  },
  {
    "Crimes_Against_Person": 55,
    "Drug_Off": 13,
    "JusticeProc_Off": 31,
    "Other": 0,
    "Postcode": 3123,
    "Prop_Deception_Off": 623,
    "PublicOrder_Security_Off": 13,
    "Suburb": "Hawthorn East",
    "Total": 735
  },
  {
    "Crimes_Against_Person": 174,
    "Drug_Off": 51,
    "JusticeProc_Off": 98,
    "Other": 0,
    "Postcode": 3101,
    "Prop_Deception_Off": 1157,
    "PublicOrder_Security_Off": 33,
    "Suburb": "Kew",
    "Total": 1513
  },
  {
    "Crimes_Against_Person": 20,
    "Drug_Off": 10,
    "JusticeProc_Off": 13,
    "Other": 0,
    "Postcode": 3127,
    "Prop_Deception_Off": 216,
    "PublicOrder_Security_Off": 9,
    "Suburb": "Mont Albert",
    "Total": 268
  },
  {
    "Crimes_Against_Person": 42,
    "Drug_Off": 12,
    "JusticeProc_Off": 33,
    "Other": 0,
    "Postcode": 3127,
    "Prop_Deception_Off": 382,
    "PublicOrder_Security_Off": 16,
    "Suburb": "Surrey Hills",
    "Total": 485
  },
  {
    "Crimes_Against_Person": 400,
    "Drug_Off": 186,
    "JusticeProc_Off": 197,
    "Other": 2,
    "Postcode": 3153,
    "Prop_Deception_Off": 1358,
    "PublicOrder_Security_Off": 112,
    "Suburb": "Bayswater",
    "Total": 2255
  },
  {
    "Crimes_Against_Person": 703,
    "Drug_Off": 348,
    "JusticeProc_Off": 579,
    "Other": 44,
    "Postcode": 3805,
    "Prop_Deception_Off": 2378,
    "PublicOrder_Security_Off": 285,
    "Suburb": "Narre Warren",
    "Total": 4337
  },
  {
    "Crimes_Against_Person": 214,
    "Drug_Off": 75,
    "JusticeProc_Off": 202,
    "Other": 8,
    "Postcode": 3024,
    "Prop_Deception_Off": 665,
    "PublicOrder_Security_Off": 54,
    "Suburb": "Wyndham Vale",
    "Total": 1218
  },
  {
    "Crimes_Against_Person": 326,
    "Drug_Off": 134,
    "JusticeProc_Off": 152,
    "Other": 18,
    "Postcode": 3150,
    "Prop_Deception_Off": 1438,
    "PublicOrder_Security_Off": 98,
    "Suburb": "Glen Waverly",
    "Total": 2166
  },
  {
    "Crimes_Against_Person": 23,
    "Drug_Off": 13,
    "JusticeProc_Off": 36,
    "Other": 8,
    "Postcode": 3030,
    "Prop_Deception_Off": 137,
    "PublicOrder_Security_Off": 18,
    "Suburb": "Werribee South",
    "Total": 235
  },
  {
    "Crimes_Against_Person": 415,
    "Drug_Off": 94,
    "JusticeProc_Off": 202,
    "Other": 36,
    "Postcode": 3029,
    "Prop_Deception_Off": 1404,
    "PublicOrder_Security_Off": 102,
    "Suburb": "Tarneit",
    "Total": 2253
  },
  {
    "Crimes_Against_Person": 129,
    "Drug_Off": 18,
    "JusticeProc_Off": 43,
    "Other": 9,
    "Postcode": 3024,
    "Prop_Deception_Off": 295,
    "PublicOrder_Security_Off": 24,
    "Suburb": "Manor Lakes",
    "Total": 518
  },
  {
    "Crimes_Against_Person": 43,
    "Drug_Off": 23,
    "JusticeProc_Off": 22,
    "Other": 3,
    "Postcode": 3026,
    "Prop_Deception_Off": 631,
    "PublicOrder_Security_Off": 32,
    "Suburb": "Laverton North",
    "Total": 754
  },
  {
    "Crimes_Against_Person": 174,
    "Drug_Off": 54,
    "JusticeProc_Off": 99,
    "Other": 8,
    "Postcode": 3162,
    "Prop_Deception_Off": 702,
    "PublicOrder_Security_Off": 45,
    "Suburb": "Caulfield",
    "Total": 1082
  },
  {
    "Crimes_Against_Person": 160,
    "Drug_Off": 94,
    "JusticeProc_Off": 122,
    "Other": 13,
    "Postcode": 3028,
    "Prop_Deception_Off": 577,
    "PublicOrder_Security_Off": 51,
    "Suburb": "Altona Meadows",
    "Total": 1017
  },
  {
    "Crimes_Against_Person": 120,
    "Drug_Off": 100,
    "JusticeProc_Off": 90,
    "Other": 5,
    "Postcode": 3020,
    "Prop_Deception_Off": 838,
    "PublicOrder_Security_Off": 55,
    "Suburb": "Sunshine North",
    "Total": 1208
  },
  {
    "Crimes_Against_Person": 171,
    "Drug_Off": 80,
    "JusticeProc_Off": 60,
    "Other": 13,
    "Postcode": 3170,
    "Prop_Deception_Off": 997,
    "PublicOrder_Security_Off": 51,
    "Suburb": "Mulgrave",
    "Total": 1372
  },
  {
    "Crimes_Against_Person": 20,
    "Drug_Off": 19,
    "JusticeProc_Off": 10,
    "Other": 0,
    "Postcode": 3168,
    "Prop_Deception_Off": 105,
    "PublicOrder_Security_Off": 9,
    "Suburb": "Notting Hill",
    "Total": 163
  },
  {
    "Crimes_Against_Person": 113,
    "Drug_Off": 52,
    "JusticeProc_Off": 56,
    "Other": 4,
    "Postcode": 3169,
    "Prop_Deception_Off": 449,
    "PublicOrder_Security_Off": 53,
    "Suburb": "Clayton South",
    "Total": 727
  }
]