[
  {
    "Crimes_Against_Person": 260,
    "Drug_Off": 114,
    "JusticeProc_Off": 128,
    "Other": 148,
    "Postcode": 3053,
    "Prop_Deception_Off": 1079,
    "PublicOrder_Security_Off": 126,
    "Suburb": "Carlton",
    "Total": 1855
  },
  {
    "Crimes_Against_Person": 50,
    "Drug_Off": 14,
    "JusticeProc_Off": 50,
    "Other": 57,
    "Postcode": 3054,
    "Prop_Deception_Off": 290,
    "PublicOrder_Security_Off": 10,
    "Suburb": "Carlton North",
    "Total": 471
  },
  {
    "Crimes_Against_Person": 396,
    "Drug_Off": 450,
    "JusticeProc_Off": 239,
    "Other": 606,
    "Postcode": 3008,
    "Prop_Deception_Off": 1309,
    "PublicOrder_Security_Off": 282,
    "Suburb": "Docklands",
    "Total": 3282
  },
  {
    "Crimes_Against_Person": 114,
    "Drug_Off": 121,
    "JusticeProc_Off": 87,
    "Other": 394,
    "Postcode": 3002,
    "Prop_Deception_Off": 523,
    "PublicOrder_Security_Off": 148,
    "Suburb": "East Melbourne",
    "Total": 1387
  },
  {
    "Crimes_Against_Person": 158,
    "Drug_Off": 63,
    "JusticeProc_Off": 91,
    "Other": 93,
    "Postcode": 3031,
    "Prop_Deception_Off": 475,
    "PublicOrder_Security_Off": 29,
    "Suburb": "Flemington",
    "Total": 909
  },
  {
    "Crimes_Against_Person": 81,
    "Drug_Off": 28,
    "JusticeProc_Off": 25,
    "Other": 106,
    "Postcode": 3031,
    "Prop_Deception_Off": 461,
    "PublicOrder_Security_Off": 36,
    "Suburb": "Kensington",
    "Total": 737
  },
  {
    "Crimes_Against_Person": 264,
    "Drug_Off": 140,
    "JusticeProc_Off": 143,
    "Other": 154,
    "Postcode": 3051,
    "Prop_Deception_Off": 902,
    "PublicOrder_Security_Off": 90,
    "Suburb": "North Melbourne",
    "Total": 1693
  },
  {
    "Crimes_Against_Person": 1929,
    "Drug_Off": 199,
    "JusticeProc_Off": 1214,
    "Other": 21,
    "Postcode": 3000,
    "Prop_Deception_Off": 4115,
    "PublicOrder_Security_Off": 1435,
    "Suburb": "Melbourne",
    "Total": 8913
  },
  {
    "Crimes_Against_Person": 132,
    "Drug_Off": 36,
    "JusticeProc_Off": 61,
    "Other": 80,
    "Postcode": 3052,
    "Prop_Deception_Off": 446,
    "PublicOrder_Security_Off": 33,
    "Suburb": "Parkville",
    "Total": 788
  },
  {
    "Crimes_Against_Person": 133,
    "Drug_Off": 145,
    "JusticeProc_Off": 129,
    "Other": 64,
    "Postcode": 3043,
    "Prop_Deception_Off": 916,
    "PublicOrder_Security_Off": 50,
    "Suburb": "Tullamarine",
    "Total": 1437
  },
  {
    "Crimes_Against_Person": 230,
    "Drug_Off": 185,
    "JusticeProc_Off": 239,
    "Other": 136,
    "Postcode": 3207,
    "Prop_Deception_Off": 1302,
    "PublicOrder_Security_Off": 138,
    "Suburb": "Port Melbourne",
    "Total": 2230
  },
  {
    "Crimes_Against_Person": 430,
    "Drug_Off": 462,
    "JusticeProc_Off": 196,
    "Other": 602,
    "Postcode": 3006,
    "Prop_Deception_Off": 1591,
    "PublicOrder_Security_Off": 297,
    "Suburb": "Southbank",
    "Total": 3578
  },
  {
    "Crimes_Against_Person": 15,
    "Drug_Off": 9,
    "JusticeProc_Off": 8,
    "Other": 1,
    "Postcode": 3006,
    "Prop_Deception_Off": 131,
    "PublicOrder_Security_Off": 17,
    "Suburb": "South Wharf",
    "Total": 181
  },
  {
    "Crimes_Against_Person": 334,
    "Drug_Off": 347,
    "JusticeProc_Off": 257,
    "Other": 307,
    "Postcode": 3141,
    "Prop_Deception_Off": 1834,
    "PublicOrder_Security_Off": 166,
    "Suburb": "South Yarra",
    "Total": 3245
  },
  {
    "Crimes_Against_Person": 134,
    "Drug_Off": 88,
    "JusticeProc_Off": 85,
    "Other": 283,
    "Postcode": 3003,
    "Prop_Deception_Off": 629,
    "PublicOrder_Security_Off": 58,
    "Suburb": "West Melbourne",
    "Total": 1277
  },
  {
    "Crimes_Against_Person": 48,
    "Drug_Off": 14,
    "JusticeProc_Off": 42,
    "Other": 73,
    "Postcode": 3206,
    "Prop_Deception_Off": 360,
    "PublicOrder_Security_Off": 31,
    "Suburb": "Albert Park",
    "Total": 568
  },
  {
    "Crimes_Against_Person": 103,
    "Drug_Off": 41,
    "JusticeProc_Off": 47,
    "Other": 54,
    "Postcode": 3183,
    "Prop_Deception_Off": 296,
    "PublicOrder_Security_Off": 52,
    "Suburb": "Balaclava",
    "Total": 593
  },
  {
    "Crimes_Against_Person": 153,
    "Drug_Off": 51,
    "JusticeProc_Off": 67,
    "Other": 79,
    "Postcode": 3184,
    "Prop_Deception_Off": 505,
    "PublicOrder_Security_Off": 40,
    "Suburb": "Elwood",
    "Total": 895
  },
  {
    "Crimes_Against_Person": 27,
    "Drug_Off": 7,
    "JusticeProc_Off": 22,
    "Other": 8,
    "Postcode": 3206,
    "Prop_Deception_Off": 195,
    "PublicOrder_Security_Off": 5,
    "Suburb": "Middle Park",
    "Total": 264
  },
  {
    "Crimes_Against_Person": 20,
    "Drug_Off": 6,
    "JusticeProc_Off": 6,
    "Other": 9,
    "Postcode": 3185,
    "Prop_Deception_Off": 57,
    "PublicOrder_Security_Off": 3,
    "Suburb": "Ripponlea",
    "Total": 101
  },
  {
    "Crimes_Against_Person": 742,
    "Drug_Off": 438,
    "JusticeProc_Off": 598,
    "Other": 476,
    "Postcode": 3182,
    "Prop_Deception_Off": 2390,
    "PublicOrder_Security_Off": 314,
    "Suburb": "St Kilda",
    "Total": 4958
  },
  {
    "Crimes_Against_Person": 133,
    "Drug_Off": 59,
    "JusticeProc_Off": 67,
    "Other": 37,
    "Postcode": 3183,
    "Prop_Deception_Off": 446,
    "PublicOrder_Security_Off": 36,
    "Suburb": "St Kilda East",
    "Total": 778
  },
  {
    "Crimes_Against_Person": 42,
    "Drug_Off": 17,
    "JusticeProc_Off": 34,
    "Other": 36,
    "Postcode": 3182,
    "Prop_Deception_Off": 131,
    "PublicOrder_Security_Off": 14,
    "Suburb": "St Kilda West",
    "Total": 274
  },
  {
    "Crimes_Against_Person": 316,
    "Drug_Off": 217,
    "JusticeProc_Off": 258,
    "Other": 416,
    "Postcode": 3205,
    "Prop_Deception_Off": 1376,
    "PublicOrder_Security_Off": 144,
    "Suburb": "South Melbourne",
    "Total": 2727
  },
  {
    "Crimes_Against_Person": 124,
    "Drug_Off": 130,
    "JusticeProc_Off": 49,
    "Other": 130,
    "Postcode": 3067,
    "Prop_Deception_Off": 936,
    "PublicOrder_Security_Off": 93,
    "Suburb": "Abbotsford",
    "Total": 1462
  },
  {
    "Crimes_Against_Person": 39,
    "Drug_Off": 7,
    "JusticeProc_Off": 12,
    "Other": 13,
    "Postcode": 3078,
    "Prop_Deception_Off": 173,
    "PublicOrder_Security_Off": 8,
    "Suburb": "Alphington",
    "Total": 252
  },
  {
    "Crimes_Against_Person": 9,
    "Drug_Off": 12,
    "JusticeProc_Off": 16,
    "Other": 42,
    "Postcode": 3121,
    "Prop_Deception_Off": 93,
    "PublicOrder_Security_Off": 7,
    "Suburb": "Burnley",
    "Total": 179
  },
  {
    "Crimes_Against_Person": 104,
    "Drug_Off": 65,
    "JusticeProc_Off": 52,
    "Other": 48,
    "Postcode": 3049,
    "Prop_Deception_Off": 274,
    "PublicOrder_Security_Off": 20,
    "Suburb": "Westmeadows",
    "Total": 563
  },
  {
    "Crimes_Against_Person": 58,
    "Drug_Off": 23,
    "JusticeProc_Off": 22,
    "Other": 23,
    "Postcode": 3068,
    "Prop_Deception_Off": 303,
    "PublicOrder_Security_Off": 12,
    "Suburb": "Clifton Hill",
    "Total": 441
  },
  {
    "Crimes_Against_Person": 289,
    "Drug_Off": 124,
    "JusticeProc_Off": 287,
    "Other": 237,
    "Postcode": 3066,
    "Prop_Deception_Off": 1306,
    "PublicOrder_Security_Off": 147,
    "Suburb": "Collingwood",
    "Total": 2390
  },
  {
    "Crimes_Against_Person": 24,
    "Drug_Off": 1,
    "JusticeProc_Off": 37,
    "Other": 20,
    "Postcode": 3121,
    "Prop_Deception_Off": 215,
    "PublicOrder_Security_Off": 17,
    "Suburb": "Cremorne",
    "Total": 314
  },
  {
    "Crimes_Against_Person": 78,
    "Drug_Off": 19,
    "JusticeProc_Off": 19,
    "Other": 26,
    "Postcode": 3078,
    "Prop_Deception_Off": 339,
    "PublicOrder_Security_Off": 14,
    "Suburb": "Fairfield",
    "Total": 495
  },
  {
    "Crimes_Against_Person": 396,
    "Drug_Off": 125,
    "JusticeProc_Off": 192,
    "Other": 169,
    "Postcode": 3065,
    "Prop_Deception_Off": 1323,
    "PublicOrder_Security_Off": 178,
    "Suburb": "Fitzroy",
    "Total": 2383
  },
  {
    "Crimes_Against_Person": 126,
    "Drug_Off": 35,
    "JusticeProc_Off": 39,
    "Other": 51,
    "Postcode": 3068,
    "Prop_Deception_Off": 643,
    "PublicOrder_Security_Off": 45,
    "Suburb": "Fitzroy North",
    "Total": 939
  },
  {
    "Crimes_Against_Person": 29,
    "Drug_Off": 5,
    "JusticeProc_Off": 31,
    "Other": 8,
    "Postcode": 3054,
    "Prop_Deception_Off": 110,
    "PublicOrder_Security_Off": 3,
    "Suburb": "Princes Hill ",
    "Total": 186
  },
  {
    "Crimes_Against_Person": 460,
    "Drug_Off": 562,
    "JusticeProc_Off": 395,
    "Other": 550,
    "Postcode": 3121,
    "Prop_Deception_Off": 2500,
    "PublicOrder_Security_Off": 357,
    "Suburb": "Richmond",
    "Total": 4824
  },
  {
    "Crimes_Against_Person": 0,
    "Drug_Off": 0,
    "JusticeProc_Off": 2,
    "Other": 0,
    "Postcode": 3030,
    "Prop_Deception_Off": 10,
    "PublicOrder_Security_Off": 1,
    "Suburb": "Cocoroc",
    "Total": 13
  },
  {
    "Crimes_Against_Person": 21,
    "Drug_Off": 6,
    "JusticeProc_Off": 16,
    "Other": 5,
    "Postcode": 3088,
    "Prop_Deception_Off": 45,
    "PublicOrder_Security_Off": 2,
    "Suburb": "Briar Hill",
    "Total": 95
  },
  {
    "Crimes_Against_Person": 302,
    "Drug_Off": 215,
    "JusticeProc_Off": 228,
    "Other": 107,
    "Postcode": 3083,
    "Prop_Deception_Off": 1119,
    "PublicOrder_Security_Off": 128,
    "Suburb": "Bundoora",
    "Total": 2099
  },
  {
    "Crimes_Against_Person": 8,
    "Drug_Off": 4,
    "JusticeProc_Off": 8,
    "Other": 3,
    "Postcode": 3084,
    "Prop_Deception_Off": 74,
    "PublicOrder_Security_Off": 3,
    "Suburb": "Eaglemont",
    "Total": 100
  },
  {
    "Crimes_Against_Person": 144,
    "Drug_Off": 54,
    "JusticeProc_Off": 105,
    "Other": 27,
    "Postcode": 3095,
    "Prop_Deception_Off": 488,
    "PublicOrder_Security_Off": 61,
    "Suburb": "Eltham",
    "Total": 879
  },
  {
    "Crimes_Against_Person": 29,
    "Drug_Off": 0,
    "JusticeProc_Off": 23,
    "Other": 2,
    "Postcode": 3095,
    "Prop_Deception_Off": 77,
    "PublicOrder_Security_Off": 14,
    "Suburb": "Eltham North",
    "Total": 145
  },
  {
    "Crimes_Against_Person": 164,
    "Drug_Off": 102,
    "JusticeProc_Off": 131,
    "Other": 75,
    "Postcode": 3088,
    "Prop_Deception_Off": 727,
    "PublicOrder_Security_Off": 65,
    "Suburb": "Greensborough",
    "Total": 1264
  },
  {
    "Crimes_Against_Person": 153,
    "Drug_Off": 131,
    "JusticeProc_Off": 570,
    "Other": 59,
    "Postcode": 3084,
    "Prop_Deception_Off": 459,
    "PublicOrder_Security_Off": 48,
    "Suburb": "Heidelberg",
    "Total": 1420
  },
  {
    "Crimes_Against_Person": 108,
    "Drug_Off": 85,
    "JusticeProc_Off": 195,
    "Other": 59,
    "Postcode": 3081,
    "Prop_Deception_Off": 321,
    "PublicOrder_Security_Off": 35,
    "Suburb": "Heidelberg Heights",
    "Total": 803
  },
  {
    "Crimes_Against_Person": 177,
    "Drug_Off": 209,
    "JusticeProc_Off": 192,
    "Other": 118,
    "Postcode": 3081,
    "Prop_Deception_Off": 496,
    "PublicOrder_Security_Off": 116,
    "Suburb": "Heidelberg West",
    "Total": 1308
  },
  {
    "Crimes_Against_Person": 108,
    "Drug_Off": 52,
    "JusticeProc_Off": 49,
    "Other": 12,
    "Postcode": 3079,
    "Prop_Deception_Off": 621,
    "PublicOrder_Security_Off": 36,
    "Suburb": "Ivanhoe",
    "Total": 878
  },
  {
    "Crimes_Against_Person": 9,
    "Drug_Off": 2,
    "JusticeProc_Off": 8,
    "Other": 0,
    "Postcode": 3079,
    "Prop_Deception_Off": 92,
    "PublicOrder_Security_Off": 5,
    "Suburb": "Ivanhoe East ",
    "Total": 116
  },
  {
    "Crimes_Against_Person": 29,
    "Drug_Off": 12,
    "JusticeProc_Off": 17,
    "Other": 5,
    "Postcode": 3093,
    "Prop_Deception_Off": 85,
    "PublicOrder_Security_Off": 9,
    "Suburb": "Lower Plenty",
    "Total": 157
  },
  {
    "Crimes_Against_Person": 69,
    "Drug_Off": 9,
    "JusticeProc_Off": 59,
    "Other": 11,
    "Postcode": 3085,
    "Prop_Deception_Off": 229,
    "PublicOrder_Security_Off": 12,
    "Suburb": "Macleod",
    "Total": 389
  },
  {
    "Crimes_Against_Person": 48,
    "Drug_Off": 17,
    "JusticeProc_Off": 60,
    "Other": 3,
    "Postcode": 3094,
    "Prop_Deception_Off": 109,
    "PublicOrder_Security_Off": 22,
    "Suburb": "Montmorency",
    "Total": 259
  },
  {
    "Crimes_Against_Person": 61,
    "Drug_Off": 36,
    "JusticeProc_Off": 43,
    "Other": 18,
    "Postcode": 3084,
    "Prop_Deception_Off": 188,
    "PublicOrder_Security_Off": 13,
    "Suburb": "Rosanna",
    "Total": 359
  },
  {
    "Crimes_Against_Person": 7,
    "Drug_Off": 0,
    "JusticeProc_Off": 4,
    "Other": 6,
    "Postcode": 3088,
    "Prop_Deception_Off": 76,
    "PublicOrder_Security_Off": 1,
    "Suburb": "St Helena",
    "Total": 94
  },
  {
    "Crimes_Against_Person": 22,
    "Drug_Off": 9,
    "JusticeProc_Off": 21,
    "Other": 6,
    "Postcode": 3084,
    "Prop_Deception_Off": 123,
    "PublicOrder_Security_Off": 17,
    "Suburb": "Viewbank",
    "Total": 198
  },
  {
    "Crimes_Against_Person": 72,
    "Drug_Off": 96,
    "JusticeProc_Off": 77,
    "Other": 51,
    "Postcode": 3087,
    "Prop_Deception_Off": 275,
    "PublicOrder_Security_Off": 25,
    "Suburb": "Watsonia",
    "Total": 596
  },
  {
    "Crimes_Against_Person": 20,
    "Drug_Off": 19,
    "JusticeProc_Off": 14,
    "Other": 11,
    "Postcode": 3087,
    "Prop_Deception_Off": 56,
    "PublicOrder_Security_Off": 2,
    "Suburb": "Watsonia North",
    "Total": 122
  },
  {
    "Crimes_Against_Person": 15,
    "Drug_Off": 14,
    "JusticeProc_Off": 24,
    "Other": 20,
    "Postcode": 3085,
    "Prop_Deception_Off": 125,
    "PublicOrder_Security_Off": 24,
    "Suburb": "Yallambie",
    "Total": 222
  },
  {
    "Crimes_Against_Person": 39,
    "Drug_Off": 7,
    "JusticeProc_Off": 12,
    "Other": 13,
    "Postcode": 3078,
    "Prop_Deception_Off": 173,
    "PublicOrder_Security_Off": 8,
    "Suburb": "Alphington",
    "Total": 252
  },
  {
    "Crimes_Against_Person": 302,
    "Drug_Off": 215,
    "JusticeProc_Off": 228,
    "Other": 107,
    "Postcode": 3083,
    "Prop_Deception_Off": 1119,
    "PublicOrder_Security_Off": 128,
    "Suburb": "Bundoora",
    "Total": 2099
  },
  {
    "Crimes_Against_Person": 381,
    "Drug_Off": 166,
    "JusticeProc_Off": 255,
    "Other": 183,
    "Postcode": 3058,
    "Prop_Deception_Off": 1993,
    "PublicOrder_Security_Off": 141,
    "Suburb": "Coburg",
    "Total": 3119
  },
  {
    "Crimes_Against_Person": 95,
    "Drug_Off": 45,
    "JusticeProc_Off": 82,
    "Other": 53,
    "Postcode": 3058,
    "Prop_Deception_Off": 533,
    "PublicOrder_Security_Off": 34,
    "Suburb": "Coburg North",
    "Total": 842
  },
  {
    "Crimes_Against_Person": 78,
    "Drug_Off": 19,
    "JusticeProc_Off": 19,
    "Other": 26,
    "Postcode": 3078,
    "Prop_Deception_Off": 339,
    "PublicOrder_Security_Off": 14,
    "Suburb": "Fairfield",
    "Total": 495
  },
  {
    "Crimes_Against_Person": 82,
    "Drug_Off": 50,
    "JusticeProc_Off": 60,
    "Other": 41,
    "Postcode": 3083,
    "Prop_Deception_Off": 193,
    "PublicOrder_Security_Off": 18,
    "Suburb": "Kingsbury",
    "Total": 444
  },
  {
    "Crimes_Against_Person": 69,
    "Drug_Off": 9,
    "JusticeProc_Off": 59,
    "Other": 11,
    "Postcode": 3085,
    "Prop_Deception_Off": 229,
    "PublicOrder_Security_Off": 12,
    "Suburb": "Macleod",
    "Total": 389
  },
  {
    "Crimes_Against_Person": 211,
    "Drug_Off": 42,
    "JusticeProc_Off": 114,
    "Other": 64,
    "Postcode": 3070,
    "Prop_Deception_Off": 1051,
    "PublicOrder_Security_Off": 89,
    "Suburb": "Northcote",
    "Total": 1571
  },
  {
    "Crimes_Against_Person": 563,
    "Drug_Off": 371,
    "JusticeProc_Off": 473,
    "Other": 341,
    "Postcode": 3072,
    "Prop_Deception_Off": 2744,
    "PublicOrder_Security_Off": 246,
    "Suburb": "Preston",
    "Total": 4738
  },
  {
    "Crimes_Against_Person": 726,
    "Drug_Off": 767,
    "JusticeProc_Off": 838,
    "Other": 485,
    "Postcode": 3073,
    "Prop_Deception_Off": 2566,
    "PublicOrder_Security_Off": 350,
    "Suburb": "Reservoir",
    "Total": 5732
  },
  {
    "Crimes_Against_Person": 166,
    "Drug_Off": 94,
    "JusticeProc_Off": 131,
    "Other": 81,
    "Postcode": 3071,
    "Prop_Deception_Off": 828,
    "PublicOrder_Security_Off": 61,
    "Suburb": "Thornbury",
    "Total": 1361
  },
  {
    "Crimes_Against_Person": 15,
    "Drug_Off": 7,
    "JusticeProc_Off": 3,
    "Other": 3,
    "Postcode": 3049,
    "Prop_Deception_Off": 48,
    "PublicOrder_Security_Off": 3,
    "Suburb": "Attwood",
    "Total": 79
  },
  {
    "Crimes_Against_Person": 575,
    "Drug_Off": 242,
    "JusticeProc_Off": 725,
    "Other": 355,
    "Postcode": 3047,
    "Prop_Deception_Off": 1198,
    "PublicOrder_Security_Off": 173,
    "Suburb": "Broadmeadows",
    "Total": 3268
  },
  {
    "Crimes_Against_Person": 149,
    "Drug_Off": 90,
    "JusticeProc_Off": 107,
    "Other": 79,
    "Postcode": 3061,
    "Prop_Deception_Off": 739,
    "PublicOrder_Security_Off": 80,
    "Suburb": "Campbellfield",
    "Total": 1244
  },
  {
    "Crimes_Against_Person": 96,
    "Drug_Off": 64,
    "JusticeProc_Off": 53,
    "Other": 92,
    "Postcode": 3048,
    "Prop_Deception_Off": 208,
    "PublicOrder_Security_Off": 47,
    "Suburb": "Coolaroo",
    "Total": 560
  },
  {
    "Crimes_Against_Person": 923,
    "Drug_Off": 206,
    "JusticeProc_Off": 693,
    "Other": 264,
    "Postcode": 3064,
    "Prop_Deception_Off": 1844,
    "PublicOrder_Security_Off": 163,
    "Suburb": "Craigieburn",
    "Total": 4093
  },
  {
    "Crimes_Against_Person": 115,
    "Drug_Off": 43,
    "JusticeProc_Off": 95,
    "Other": 72,
    "Postcode": 3047,
    "Prop_Deception_Off": 228,
    "PublicOrder_Security_Off": 28,
    "Suburb": "Dallas",
    "Total": 581
  },
  {
    "Crimes_Against_Person": 87,
    "Drug_Off": 32,
    "JusticeProc_Off": 90,
    "Other": 30,
    "Postcode": 3043,
    "Prop_Deception_Off": 231,
    "PublicOrder_Security_Off": 27,
    "Suburb": "Gladstone Park",
    "Total": 497
  },
  {
    "Crimes_Against_Person": 132,
    "Drug_Off": 80,
    "JusticeProc_Off": 158,
    "Other": 89,
    "Postcode": 3059,
    "Prop_Deception_Off": 409,
    "PublicOrder_Security_Off": 44,
    "Suburb": "Greenvale",
    "Total": 912
  },
  {
    "Crimes_Against_Person": 52,
    "Drug_Off": 27,
    "JusticeProc_Off": 29,
    "Other": 59,
    "Postcode": 3047,
    "Prop_Deception_Off": 174,
    "PublicOrder_Security_Off": 13,
    "Suburb": "Jacana",
    "Total": 354
  },
  {
    "Crimes_Against_Person": 37,
    "Drug_Off": 20,
    "JusticeProc_Off": 60,
    "Other": 23,
    "Postcode": 3036,
    "Prop_Deception_Off": 190,
    "PublicOrder_Security_Off": 12,
    "Suburb": "Keilor",
    "Total": 342
  },
  {
    "Crimes_Against_Person": 279,
    "Drug_Off": 146,
    "JusticeProc_Off": 319,
    "Other": 140,
    "Postcode": 3048,
    "Prop_Deception_Off": 460,
    "PublicOrder_Security_Off": 95,
    "Suburb": "Meadow Heights",
    "Total": 1439
  },
  {
    "Crimes_Against_Person": 14,
    "Drug_Off": 65,
    "JusticeProc_Off": 11,
    "Other": 24,
    "Postcode": 3045,
    "Prop_Deception_Off": 166,
    "PublicOrder_Security_Off": 40,
    "Suburb": "Melbourne Airport",
    "Total": 320
  },
  {
    "Crimes_Against_Person": 239,
    "Drug_Off": 112,
    "JusticeProc_Off": 215,
    "Other": 117,
    "Postcode": 3064,
    "Prop_Deception_Off": 541,
    "PublicOrder_Security_Off": 53,
    "Suburb": "Roxburgh Park",
    "Total": 1277
  },
  {
    "Crimes_Against_Person": 23,
    "Drug_Off": 7,
    "JusticeProc_Off": 13,
    "Other": 17,
    "Postcode": 3062,
    "Prop_Deception_Off": 129,
    "PublicOrder_Security_Off": 9,
    "Suburb": "Somerton",
    "Total": 198
  },
  {
    "Crimes_Against_Person": 10,
    "Drug_Off": 9,
    "JusticeProc_Off": 10,
    "Other": 8,
    "Postcode": 3428,
    "Prop_Deception_Off": 51,
    "PublicOrder_Security_Off": 3,
    "Suburb": "Bulla",
    "Total": 91
  },
  {
    "Crimes_Against_Person": 3,
    "Drug_Off": 5,
    "JusticeProc_Off": 2,
    "Other": 0,
    "Postcode": 3429,
    "Prop_Deception_Off": 17,
    "PublicOrder_Security_Off": 5,
    "Suburb": "Wildwood",
    "Total": 32
  },
  {
    "Crimes_Against_Person": 2,
    "Drug_Off": 3,
    "JusticeProc_Off": 0,
    "Other": 7,
    "Postcode": 3063,
    "Prop_Deception_Off": 10,
    "PublicOrder_Security_Off": 1,
    "Suburb": "Yuroke",
    "Total": 23
  },
  {
    "Crimes_Against_Person": 263,
    "Drug_Off": 124,
    "JusticeProc_Off": 203,
    "Other": 140,
    "Postcode": 3056,
    "Prop_Deception_Off": 1605,
    "PublicOrder_Security_Off": 95,
    "Suburb": "Brunswick",
    "Total": 2430
  },
  {
    "Crimes_Against_Person": 194,
    "Drug_Off": 84,
    "JusticeProc_Off": 213,
    "Other": 69,
    "Postcode": 3060,
    "Prop_Deception_Off": 455,
    "PublicOrder_Security_Off": 52,
    "Suburb": "Fawkner",
    "Total": 1067
  },
  {
    "Crimes_Against_Person": 18,
    "Drug_Off": 12,
    "JusticeProc_Off": 21,
    "Other": 3,
    "Postcode": 3099,
    "Prop_Deception_Off": 59,
    "PublicOrder_Security_Off": 17,
    "Suburb": "Hurstbridge",
    "Total": 130
  },
  {
    "Crimes_Against_Person": 5,
    "Drug_Off": 3,
    "JusticeProc_Off": 13,
    "Other": 4,
    "Postcode": 3090,
    "Prop_Deception_Off": 39,
    "PublicOrder_Security_Off": 2,
    "Suburb": "Plenty",
    "Total": 66
  },
  {
    "Crimes_Against_Person": 6,
    "Drug_Off": 1,
    "JusticeProc_Off": 5,
    "Other": 2,
    "Postcode": 3775,
    "Prop_Deception_Off": 11,
    "PublicOrder_Security_Off": 7,
    "Suburb": "Christmas Hills",
    "Total": 32
  },
  {
    "Crimes_Against_Person": 608,
    "Drug_Off": 333,
    "JusticeProc_Off": 482,
    "Other": 343,
    "Postcode": 3076,
    "Prop_Deception_Off": 1669,
    "PublicOrder_Security_Off": 189,
    "Suburb": "Epping",
    "Total": 3624
  },
  {
    "Crimes_Against_Person": 311,
    "Drug_Off": 227,
    "JusticeProc_Off": 195,
    "Other": 105,
    "Postcode": 3075,
    "Prop_Deception_Off": 631,
    "PublicOrder_Security_Off": 82,
    "Suburb": "Lalor",
    "Total": 1551
  },
  {
    "Crimes_Against_Person": 55,
    "Drug_Off": 6,
    "JusticeProc_Off": 71,
    "Other": 29,
    "Postcode": 3753,
    "Prop_Deception_Off": 77,
    "PublicOrder_Security_Off": 18,
    "Suburb": "Beveridge",
    "Total": 256
  },
  {
    "Crimes_Against_Person": 81,
    "Drug_Off": 5,
    "JusticeProc_Off": 49,
    "Other": 20,
    "Postcode": 3103,
    "Prop_Deception_Off": 313,
    "PublicOrder_Security_Off": 9,
    "Suburb": "Balwyn",
    "Total": 477
  },
  {
    "Crimes_Against_Person": 81,
    "Drug_Off": 38,
    "JusticeProc_Off": 55,
    "Other": 34,
    "Postcode": 3124,
    "Prop_Deception_Off": 840,
    "PublicOrder_Security_Off": 30,
    "Suburb": "Camberwell",
    "Total": 1078
  },
  {
    "Crimes_Against_Person": 112,
    "Drug_Off": 51,
    "JusticeProc_Off": 109,
    "Other": 74,
    "Postcode": 3146,
    "Prop_Deception_Off": 677,
    "PublicOrder_Security_Off": 28,
    "Suburb": "Glen Iris",
    "Total": 1051
  },
  {
    "Crimes_Against_Person": 56,
    "Drug_Off": 70,
    "JusticeProc_Off": 44,
    "Other": 20,
    "Postcode": 3180,
    "Prop_Deception_Off": 352,
    "PublicOrder_Security_Off": 20,
    "Suburb": "Knoxfield",
    "Total": 562
  },
  {
    "Crimes_Against_Person": 271,
    "Drug_Off": 177,
    "JusticeProc_Off": 268,
    "Other": 88,
    "Postcode": 3156,
    "Prop_Deception_Off": 970,
    "PublicOrder_Security_Off": 113,
    "Suburb": "Ferntree Gully",
    "Total": 1887
  },
  {
    "Crimes_Against_Person": 220,
    "Drug_Off": 81,
    "JusticeProc_Off": 139,
    "Other": 59,
    "Postcode": 3108,
    "Prop_Deception_Off": 922,
    "PublicOrder_Security_Off": 55,
    "Suburb": "Doncaster",
    "Total": 1476
  },
  {
    "Crimes_Against_Person": 10,
    "Drug_Off": 5,
    "JusticeProc_Off": 13,
    "Other": 8,
    "Postcode": 3113,
    "Prop_Deception_Off": 83,
    "PublicOrder_Security_Off": 6,
    "Suburb": "Warrandyte",
    "Total": 125
  },
  {
    "Crimes_Against_Person": 460,
    "Drug_Off": 347,
    "JusticeProc_Off": 558,
    "Other": 133,
    "Postcode": 3136,
    "Prop_Deception_Off": 1087,
    "PublicOrder_Security_Off": 243,
    "Suburb": "Croydon",
    "Total": 2828
  },
  {
    "Crimes_Against_Person": 386,
    "Drug_Off": 227,
    "JusticeProc_Off": 680,
    "Other": 97,
    "Postcode": 3134,
    "Prop_Deception_Off": 1504,
    "PublicOrder_Security_Off": 206,
    "Suburb": "Ringwood",
    "Total": 3100
  },
  {
    "Crimes_Against_Person": 297,
    "Drug_Off": 127,
    "JusticeProc_Off": 242,
    "Other": 196,
    "Postcode": 3128,
    "Prop_Deception_Off": 1328,
    "PublicOrder_Security_Off": 108,
    "Suburb": "Box Hill",
    "Total": 2298
  },
  {
    "Crimes_Against_Person": 132,
    "Drug_Off": 62,
    "JusticeProc_Off": 144,
    "Other": 61,
    "Postcode": 3125,
    "Prop_Deception_Off": 549,
    "PublicOrder_Security_Off": 20,
    "Suburb": "Burwood",
    "Total": 968
  },
  {
    "Crimes_Against_Person": 101,
    "Drug_Off": 37,
    "JusticeProc_Off": 94,
    "Other": 24,
    "Postcode": 3133,
    "Prop_Deception_Off": 494,
    "PublicOrder_Security_Off": 40,
    "Suburb": "Vermont",
    "Total": 790
  },
  {
    "Crimes_Against_Person": 47,
    "Drug_Off": 2,
    "JusticeProc_Off": 50,
    "Other": 21,
    "Postcode": 3127,
    "Prop_Deception_Off": 288,
    "PublicOrder_Security_Off": 7,
    "Suburb": "Surrey Hills",
    "Total": 415
  },
  {
    "Crimes_Against_Person": 57,
    "Drug_Off": 40,
    "JusticeProc_Off": 17,
    "Other": 60,
    "Postcode": 3160,
    "Prop_Deception_Off": 305,
    "PublicOrder_Security_Off": 27,
    "Suburb": "Belgrave",
    "Total": 506
  },
  {
    "Crimes_Against_Person": 62,
    "Drug_Off": 31,
    "JusticeProc_Off": 50,
    "Other": 41,
    "Postcode": 3777,
    "Prop_Deception_Off": 180,
    "PublicOrder_Security_Off": 29,
    "Suburb": "Healesville",
    "Total": 393
  },
  {
    "Crimes_Against_Person": 123,
    "Drug_Off": 35,
    "JusticeProc_Off": 88,
    "Other": 65,
    "Postcode": 3186,
    "Prop_Deception_Off": 757,
    "PublicOrder_Security_Off": 24,
    "Suburb": "Brighton",
    "Total": 1092
  },
  {
    "Crimes_Against_Person": 249,
    "Drug_Off": 78,
    "JusticeProc_Off": 263,
    "Other": 78,
    "Postcode": 3192,
    "Prop_Deception_Off": 1022,
    "PublicOrder_Security_Off": 109,
    "Suburb": "Cheltenham",
    "Total": 1799
  },
  {
    "Crimes_Against_Person": 91,
    "Drug_Off": 35,
    "JusticeProc_Off": 89,
    "Other": 44,
    "Postcode": 3191,
    "Prop_Deception_Off": 567,
    "PublicOrder_Security_Off": 54,
    "Suburb": "Sandringham",
    "Total": 880
  },
  {
    "Crimes_Against_Person": 751,
    "Drug_Off": 231,
    "JusticeProc_Off": 797,
    "Other": 401,
    "Postcode": 3810,
    "Prop_Deception_Off": 1961,
    "PublicOrder_Security_Off": 246,
    "Suburb": "Pakenham",
    "Total": 4387
  },
  {
    "Crimes_Against_Person": 32,
    "Drug_Off": 8,
    "JusticeProc_Off": 70,
    "Other": 28,
    "Postcode": 3782,
    "Prop_Deception_Off": 85,
    "PublicOrder_Security_Off": 3,
    "Suburb": "Emerald",
    "Total": 226
  },
  {
    "Crimes_Against_Person": 15,
    "Drug_Off": 4,
    "JusticeProc_Off": 24,
    "Other": 3,
    "Postcode": 3815,
    "Prop_Deception_Off": 55,
    "PublicOrder_Security_Off": 14,
    "Suburb": "Bunyip",
    "Total": 115
  },
  {
    "Crimes_Against_Person": 7,
    "Drug_Off": 3,
    "JusticeProc_Off": 4,
    "Other": 4,
    "Postcode": 3814,
    "Prop_Deception_Off": 32,
    "PublicOrder_Security_Off": 6,
    "Suburb": "Garfield",
    "Total": 56
  },
  {
    "Crimes_Against_Person": 1283,
    "Drug_Off": 576,
    "JusticeProc_Off": 1172,
    "Other": 676,
    "Postcode": 3977,
    "Prop_Deception_Off": 2998,
    "PublicOrder_Security_Off": 389,
    "Suburb": "Cranbourne",
    "Total": 7094
  },
  {
    "Crimes_Against_Person": 435,
    "Drug_Off": 152,
    "JusticeProc_Off": 417,
    "Other": 106,
    "Postcode": 3806,
    "Prop_Deception_Off": 1124,
    "PublicOrder_Security_Off": 102,
    "Suburb": "Berwick",
    "Total": 2336
  },
  {
    "Crimes_Against_Person": 7,
    "Drug_Off": 0,
    "JusticeProc_Off": 0,
    "Other": 0,
    "Postcode": 3980,
    "Prop_Deception_Off": 5,
    "PublicOrder_Security_Off": 1,
    "Suburb": "Warneet",
    "Total": 13
  },
  {
    "Crimes_Against_Person": 1493,
    "Drug_Off": 706,
    "JusticeProc_Off": 1561,
    "Other": 179,
    "Postcode": 3175,
    "Prop_Deception_Off": 4838,
    "PublicOrder_Security_Off": 645,
    "Suburb": "Dandenong",
    "Total": 9422
  },
  {
    "Crimes_Against_Person": 336,
    "Drug_Off": 241,
    "JusticeProc_Off": 277,
    "Other": 255,
    "Postcode": 3171,
    "Prop_Deception_Off": 1403,
    "PublicOrder_Security_Off": 141,
    "Suburb": "Springvale",
    "Total": 2653
  },
  {
    "Crimes_Against_Person": 251,
    "Drug_Off": 108,
    "JusticeProc_Off": 207,
    "Other": 82,
    "Postcode": 3173,
    "Prop_Deception_Off": 960,
    "PublicOrder_Security_Off": 66,
    "Suburb": "Keysborough",
    "Total": 1674
  },
  {
    "Crimes_Against_Person": 319,
    "Drug_Off": 248,
    "JusticeProc_Off": 349,
    "Other": 233,
    "Postcode": 3198,
    "Prop_Deception_Off": 828,
    "PublicOrder_Security_Off": 142,
    "Suburb": "Seaford",
    "Total": 2119
  },
  {
    "Crimes_Against_Person": 1084,
    "Drug_Off": 742,
    "JusticeProc_Off": 1435,
    "Other": 771,
    "Postcode": 3199,
    "Prop_Deception_Off": 2996,
    "PublicOrder_Security_Off": 690,
    "Suburb": "Frankston",
    "Total": 7718
  },
  {
    "Crimes_Against_Person": 20,
    "Drug_Off": 3,
    "JusticeProc_Off": 13,
    "Other": 1,
    "Postcode": 3977,
    "Prop_Deception_Off": 27,
    "PublicOrder_Security_Off": 3,
    "Suburb": "Sandhurst",
    "Total": 67
  },
  {
    "Crimes_Against_Person": 159,
    "Drug_Off": 30,
    "JusticeProc_Off": 121,
    "Other": 85,
    "Postcode": 3204,
    "Prop_Deception_Off": 534,
    "PublicOrder_Security_Off": 32,
    "Suburb": "Bentleigh",
    "Total": 961
  },
  {
    "Crimes_Against_Person": 29,
    "Drug_Off": 20,
    "JusticeProc_Off": 46,
    "Other": 12,
    "Postcode": 3204,
    "Prop_Deception_Off": 117,
    "PublicOrder_Security_Off": 3,
    "Suburb": "McKinnon",
    "Total": 227
  },
  {
    "Crimes_Against_Person": 323,
    "Drug_Off": 92,
    "JusticeProc_Off": 150,
    "Other": 151,
    "Postcode": 3168,
    "Prop_Deception_Off": 1133,
    "PublicOrder_Security_Off": 78,
    "Suburb": "Clayton",
    "Total": 1927
  },
  {
    "Crimes_Against_Person": 85,
    "Drug_Off": 47,
    "JusticeProc_Off": 262,
    "Other": 52,
    "Postcode": 3190,
    "Prop_Deception_Off": 412,
    "PublicOrder_Security_Off": 41,
    "Suburb": "Highett",
    "Total": 899
  },
  {
    "Crimes_Against_Person": 102,
    "Drug_Off": 46,
    "JusticeProc_Off": 78,
    "Other": 41,
    "Postcode": 3194,
    "Prop_Deception_Off": 447,
    "PublicOrder_Security_Off": 33,
    "Suburb": "Mentone",
    "Total": 747
  },
  {
    "Crimes_Against_Person": 149,
    "Drug_Off": 63,
    "JusticeProc_Off": 119,
    "Other": 80,
    "Postcode": 3148,
    "Prop_Deception_Off": 620,
    "PublicOrder_Security_Off": 61,
    "Suburb": "Chadstone",
    "Total": 1092
  },
  {
    "Crimes_Against_Person": 15,
    "Drug_Off": 17,
    "JusticeProc_Off": 6,
    "Other": 10,
    "Postcode": 3166,
    "Prop_Deception_Off": 91,
    "PublicOrder_Security_Off": 7,
    "Suburb": "Huntingdale",
    "Total": 146
  },
  {
    "Crimes_Against_Person": 196,
    "Drug_Off": 65,
    "JusticeProc_Off": 160,
    "Other": 71,
    "Postcode": 3149,
    "Prop_Deception_Off": 844,
    "PublicOrder_Security_Off": 50,
    "Suburb": "Mount Waverly",
    "Total": 1386
  },
  {
    "Crimes_Against_Person": 166,
    "Drug_Off": 106,
    "JusticeProc_Off": 169,
    "Other": 124,
    "Postcode": 3166,
    "Prop_Deception_Off": 850,
    "PublicOrder_Security_Off": 83,
    "Suburb": "Oakleigh",
    "Total": 1498
  },
  {
    "Crimes_Against_Person": 245,
    "Drug_Off": 133,
    "JusticeProc_Off": 367,
    "Other": 120,
    "Postcode": 3931,
    "Prop_Deception_Off": 611,
    "PublicOrder_Security_Off": 126,
    "Suburb": "Mornington",
    "Total": 1602
  },
  {
    "Crimes_Against_Person": 252,
    "Drug_Off": 58,
    "JusticeProc_Off": 138,
    "Other": 49,
    "Postcode": 3912,
    "Prop_Deception_Off": 99,
    "PublicOrder_Security_Off": 26,
    "Suburb": "Somerville",
    "Total": 622
  },
  {
    "Crimes_Against_Person": 3,
    "Drug_Off": 4,
    "JusticeProc_Off": 3,
    "Other": 35,
    "Postcode": 3936,
    "Prop_Deception_Off": 16,
    "PublicOrder_Security_Off": 0,
    "Suburb": "Arthurs Seat",
    "Total": 61
  },
  {
    "Crimes_Against_Person": 1,
    "Drug_Off": 0,
    "JusticeProc_Off": 0,
    "Other": 2,
    "Postcode": 3916,
    "Prop_Deception_Off": 5,
    "PublicOrder_Security_Off": 0,
    "Suburb": "Shoreham",
    "Total": 8
  },
  {
    "Crimes_Against_Person": 63,
    "Drug_Off": 15,
    "JusticeProc_Off": 39,
    "Other": 23,
    "Postcode": 3143,
    "Prop_Deception_Off": 387,
    "PublicOrder_Security_Off": 14,
    "Suburb": "Armadale",
    "Total": 541
  },
  {
    "Crimes_Against_Person": 64,
    "Drug_Off": 36,
    "JusticeProc_Off": 32,
    "Other": 2,
    "Postcode": 3144,
    "Prop_Deception_Off": 593,
    "PublicOrder_Security_Off": 23,
    "Suburb": "Malvern",
    "Total": 750
  },
  {
    "Crimes_Against_Person": 87,
    "Drug_Off": 41,
    "JusticeProc_Off": 63,
    "Other": 37,
    "Postcode": 3142,
    "Prop_Deception_Off": 581,
    "PublicOrder_Security_Off": 33,
    "Suburb": "Toorak",
    "Total": 842
  },
  {
    "Crimes_Against_Person": 63,
    "Drug_Off": 58,
    "JusticeProc_Off": 53,
    "Other": 44,
    "Postcode": 3023,
    "Prop_Deception_Off": 228,
    "PublicOrder_Security_Off": 44,
    "Suburb": "Cairnlea",
    "Total": 490
  },
  {
    "Crimes_Against_Person": 326,
    "Drug_Off": 101,
    "JusticeProc_Off": 255,
    "Other": 125,
    "Postcode": 3023,
    "Prop_Deception_Off": 882,
    "PublicOrder_Security_Off": 141,
    "Suburb": "Deer Park",
    "Total": 1830
  },
  {
    "Crimes_Against_Person": 712,
    "Drug_Off": 412,
    "JusticeProc_Off": 845,
    "Other": 561,
    "Postcode": 3020,
    "Prop_Deception_Off": 2513,
    "PublicOrder_Security_Off": 320,
    "Suburb": "Sunshine",
    "Total": 5363
  },
  {
    "Crimes_Against_Person": 118,
    "Drug_Off": 91,
    "JusticeProc_Off": 83,
    "Other": 101,
    "Postcode": 3018,
    "Prop_Deception_Off": 338,
    "PublicOrder_Security_Off": 57,
    "Suburb": "Altona",
    "Total": 788
  },
  {
    "Crimes_Against_Person": 109,
    "Drug_Off": 19,
    "JusticeProc_Off": 47,
    "Other": 47,
    "Postcode": 3028,
    "Prop_Deception_Off": 354,
    "PublicOrder_Security_Off": 22,
    "Suburb": "Laverton",
    "Total": 598
  },
  {
    "Crimes_Against_Person": 87,
    "Drug_Off": 11,
    "JusticeProc_Off": 61,
    "Other": 38,
    "Postcode": 3015,
    "Prop_Deception_Off": 333,
    "PublicOrder_Security_Off": 12,
    "Suburb": "Newport",
    "Total": 542
  },
  {
    "Crimes_Against_Person": 57,
    "Drug_Off": 4,
    "JusticeProc_Off": 49,
    "Other": 14,
    "Postcode": 3028,
    "Prop_Deception_Off": 104,
    "PublicOrder_Security_Off": 5,
    "Suburb": "Seabrook",
    "Total": 233
  },
  {
    "Crimes_Against_Person": 378,
    "Drug_Off": 157,
    "JusticeProc_Off": 165,
    "Other": 281,
    "Postcode": 3011,
    "Prop_Deception_Off": 1436,
    "PublicOrder_Security_Off": 266,
    "Suburb": "Footscray",
    "Total": 2683
  },
  {
    "Crimes_Against_Person": 73,
    "Drug_Off": 38,
    "JusticeProc_Off": 52,
    "Other": 28,
    "Postcode": 3013,
    "Prop_Deception_Off": 621,
    "PublicOrder_Security_Off": 44,
    "Suburb": "Yarraville",
    "Total": 856
  },
  {
    "Crimes_Against_Person": 659,
    "Drug_Off": 213,
    "JusticeProc_Off": 585,
    "Other": 272,
    "Postcode": 3337,
    "Prop_Deception_Off": 1379,
    "PublicOrder_Security_Off": 249,
    "Suburb": "Melton",
    "Total": 3357
  },
  {
    "Crimes_Against_Person": 235,
    "Drug_Off": 73,
    "JusticeProc_Off": 240,
    "Other": 121,
    "Postcode": 3023,
    "Prop_Deception_Off": 713,
    "PublicOrder_Security_Off": 64,
    "Suburb": "Caroline Springs",
    "Total": 1446
  },
  {
    "Crimes_Against_Person": 224,
    "Drug_Off": 72,
    "JusticeProc_Off": 250,
    "Other": 100,
    "Postcode": 3029,
    "Prop_Deception_Off": 1074,
    "PublicOrder_Security_Off": 45,
    "Suburb": "Truganina",
    "Total": 1765
  },
  {
    "Crimes_Against_Person": 68,
    "Drug_Off": 59,
    "JusticeProc_Off": 75,
    "Other": 49,
    "Postcode": 3042,
    "Prop_Deception_Off": 464,
    "PublicOrder_Security_Off": 43,
    "Suburb": "Airport West",
    "Total": 758
  },
  {
    "Crimes_Against_Person": 175,
    "Drug_Off": 156,
    "JusticeProc_Off": 139,
    "Other": 161,
    "Postcode": 3040,
    "Prop_Deception_Off": 836,
    "PublicOrder_Security_Off": 64,
    "Suburb": "Essendon",
    "Total": 1531
  },
  {
    "Crimes_Against_Person": 39,
    "Drug_Off": 22,
    "JusticeProc_Off": 35,
    "Other": 23,
    "Postcode": 3041,
    "Prop_Deception_Off": 226,
    "PublicOrder_Security_Off": 17,
    "Suburb": "Strathmore",
    "Total": 362
  },
  {
    "Crimes_Against_Person": 522,
    "Drug_Off": 108,
    "JusticeProc_Off": 374,
    "Other": 181,
    "Postcode": 3030,
    "Prop_Deception_Off": 1385,
    "PublicOrder_Security_Off": 86,
    "Suburb": "Point Cook",
    "Total": 2656
  },
  {
    "Crimes_Against_Person": 481,
    "Drug_Off": 194,
    "JusticeProc_Off": 342,
    "Other": 181,
    "Postcode": 3029,
    "Prop_Deception_Off": 1626,
    "PublicOrder_Security_Off": 129,
    "Suburb": "Hoppers Crossing",
    "Total": 2953
  },
  {
    "Crimes_Against_Person": 1012,
    "Drug_Off": 359,
    "JusticeProc_Off": 870,
    "Other": 355,
    "Postcode": 3030,
    "Prop_Deception_Off": 2200,
    "PublicOrder_Security_Off": 343,
    "Suburb": "Werribee",
    "Total": 5139
  },
  {
    "Crimes_Against_Person": 66,
    "Drug_Off": 29,
    "JusticeProc_Off": 59,
    "Other": 32,
    "Postcode": 3030,
    "Prop_Deception_Off": 292,
    "PublicOrder_Security_Off": 25,
    "Suburb": "Williams Landing",
    "Total": 503
  },
  {
    "Crimes_Against_Person": 573,
    "Drug_Off": 213,
    "JusticeProc_Off": 579,
    "Other": 296,
    "Postcode": 3429,
    "Prop_Deception_Off": 1110,
    "PublicOrder_Security_Off": 203,
    "Suburb": "Sunbury",
    "Total": 2974
  },
  {
    "Crimes_Against_Person": 347,
    "Drug_Off": 207,
    "JusticeProc_Off": 574,
    "Other": 100,
    "Postcode": 3220,
    "Prop_Deception_Off": 1296,
    "PublicOrder_Security_Off": 282,
    "Suburb": "Geelong",
    "Total": 2806
  },
  {
    "Crimes_Against_Person": 5,
    "Drug_Off": 0,
    "JusticeProc_Off": 1,
    "Other": 3,
    "Postcode": 3551,
    "Prop_Deception_Off": 1,
    "PublicOrder_Security_Off": 0,
    "Suburb": "Tarnagulla",
    "Total": 10
  },
  {
    "Crimes_Against_Person": 21,
    "Drug_Off": 7,
    "JusticeProc_Off": 11,
    "Other": 10,
    "Postcode": 3264,
    "Prop_Deception_Off": 62,
    "PublicOrder_Security_Off": 8,
    "Suburb": "Terang",
    "Total": 119
  },
  {
    "Crimes_Against_Person": 1,
    "Drug_Off": 1,
    "JusticeProc_Off": 1,
    "Other": 0,
    "Postcode": 3709,
    "Prop_Deception_Off": 2,
    "PublicOrder_Security_Off": 1,
    "Suburb": "Walwa",
    "Total": 6
  },
  {
    "Crimes_Against_Person": 9,
    "Drug_Off": 6,
    "JusticeProc_Off": 9,
    "Other": 8,
    "Postcode": 3113,
    "Prop_Deception_Off": 83,
    "PublicOrder_Security_Off": 2,
    "Suburb": "Warrandyte",
    "Total": 117
  },
  {
    "Crimes_Against_Person": 0,
    "Drug_Off": 0,
    "JusticeProc_Off": 0,
    "Other": 0,
    "Postcode": 3496,
    "Prop_Deception_Off": 3,
    "PublicOrder_Security_Off": 0,
    "Suburb": "Werrimull",
    "Total": 3
  },
  {
    "Crimes_Against_Person": 0,
    "Drug_Off": 0,
    "JusticeProc_Off": 0,
    "Other": 0,
    "Postcode": 3546,
    "Prop_Deception_Off": 4,
    "PublicOrder_Security_Off": 0,
    "Suburb": "Manangatang",
    "Total": 4
  },
  {
    "Crimes_Against_Person": 0,
    "Drug_Off": 1,
    "JusticeProc_Off": 0,
    "Other": 0,
    "Postcode": 3030,
    "Prop_Deception_Off": 3,
    "PublicOrder_Security_Off": 0,
    "Suburb": "Quandong",
    "Total": 4
  },
  {
    "Crimes_Against_Person": 5,
    "Drug_Off": 3,
    "JusticeProc_Off": 1,
    "Other": 0,
    "Postcode": 3430,
    "Prop_Deception_Off": 18,
    "PublicOrder_Security_Off": 6,
    "Suburb": "Clarkefield",
    "Total": 33
  },
  {
    "Crimes_Against_Person": 45,
    "Drug_Off": 30,
    "JusticeProc_Off": 85,
    "Other": 10,
    "Postcode": 3427,
    "Prop_Deception_Off": 151,
    "PublicOrder_Security_Off": 18,
    "Suburb": "Diggers Rest",
    "Total": 339
  },
  {
    "Crimes_Against_Person": 153,
    "Drug_Off": 47,
    "JusticeProc_Off": 85,
    "Other": 134,
    "Postcode": 3064,
    "Prop_Deception_Off": 361,
    "PublicOrder_Security_Off": 37,
    "Suburb": "Mickleham",
    "Total": 817
  },
  {
    "Crimes_Against_Person": 22,
    "Drug_Off": 0,
    "JusticeProc_Off": 8,
    "Other": 3,
    "Postcode": 3063,
    "Prop_Deception_Off": 10,
    "PublicOrder_Security_Off": 0,
    "Suburb": "Oaklands Junction",
    "Total": 43
  },
  {
    "Crimes_Against_Person": 98,
    "Drug_Off": 20,
    "JusticeProc_Off": 43,
    "Other": 22,
    "Postcode": 3057,
    "Prop_Deception_Off": 510,
    "PublicOrder_Security_Off": 25,
    "Suburb": "Brunswick East",
    "Total": 718
  },
  {
    "Crimes_Against_Person": 106,
    "Drug_Off": 70,
    "JusticeProc_Off": 99,
    "Other": 42,
    "Postcode": 3055,
    "Prop_Deception_Off": 699,
    "PublicOrder_Security_Off": 29,
    "Suburb": "Brunswick West",
    "Total": 1045
  },
  {
    "Crimes_Against_Person": 348,
    "Drug_Off": 161,
    "JusticeProc_Off": 362,
    "Other": 215,
    "Postcode": 3046,
    "Prop_Deception_Off": 1022,
    "PublicOrder_Security_Off": 131,
    "Suburb": "Glenroy",
    "Total": 2239
  },
  {
    "Crimes_Against_Person": 14,
    "Drug_Off": 11,
    "JusticeProc_Off": 5,
    "Other": 7,
    "Postcode": 3043,
    "Prop_Deception_Off": 52,
    "PublicOrder_Security_Off": 5,
    "Suburb": "Gowanbrae",
    "Total": 94
  },
  {
    "Crimes_Against_Person": 56,
    "Drug_Off": 31,
    "JusticeProc_Off": 95,
    "Other": 29,
    "Postcode": 3046,
    "Prop_Deception_Off": 211,
    "PublicOrder_Security_Off": 17,
    "Suburb": "Hadfield",
    "Total": 439
  },
  {
    "Crimes_Against_Person": 36,
    "Drug_Off": 31,
    "JusticeProc_Off": 30,
    "Other": 36,
    "Postcode": 3046,
    "Prop_Deception_Off": 128,
    "PublicOrder_Security_Off": 11,
    "Suburb": "Oak Park",
    "Total": 272
  },
  {
    "Crimes_Against_Person": 245,
    "Drug_Off": 80,
    "JusticeProc_Off": 243,
    "Other": 67,
    "Postcode": 3044,
    "Prop_Deception_Off": 785,
    "PublicOrder_Security_Off": 56,
    "Suburb": "Pascoe Vale",
    "Total": 1476
  },
  {
    "Crimes_Against_Person": 67,
    "Drug_Off": 21,
    "JusticeProc_Off": 52,
    "Other": 17,
    "Postcode": 3044,
    "Prop_Deception_Off": 303,
    "PublicOrder_Security_Off": 20,
    "Suburb": "Pascoe Vale South",
    "Total": 480
  },
  {
    "Crimes_Against_Person": 100,
    "Drug_Off": 21,
    "JusticeProc_Off": 111,
    "Other": 20,
    "Postcode": 3089,
    "Prop_Deception_Off": 218,
    "PublicOrder_Security_Off": 38,
    "Suburb": "Diamond Creek",
    "Total": 508
  },
  {
    "Crimes_Against_Person": 8,
    "Drug_Off": 3,
    "JusticeProc_Off": 24,
    "Other": 1,
    "Postcode": 3113,
    "Prop_Deception_Off": 15,
    "PublicOrder_Security_Off": 9,
    "Suburb": "North Warrandyte",
    "Total": 60
  },
  {
    "Crimes_Against_Person": 9,
    "Drug_Off": 0,
    "JusticeProc_Off": 7,
    "Other": 4,
    "Postcode": 3095,
    "Prop_Deception_Off": 35,
    "PublicOrder_Security_Off": 7,
    "Suburb": "Research",
    "Total": 62
  },
  {
    "Crimes_Against_Person": 10,
    "Drug_Off": 0,
    "JusticeProc_Off": 0,
    "Other": 4,
    "Postcode": 3096,
    "Prop_Deception_Off": 11,
    "PublicOrder_Security_Off": 1,
    "Suburb": "Wattle Glen",
    "Total": 26
  },
  {
    "Crimes_Against_Person": 1,
    "Drug_Off": 0,
    "JusticeProc_Off": 0,
    "Other": 0,
    "Postcode": 3097,
    "Prop_Deception_Off": 1,
    "PublicOrder_Security_Off": 0,
    "Suburb": "Bend Of Islands",
    "Total": 2
  },
  {
    "Crimes_Against_Person": 7,
    "Drug_Off": 1,
    "JusticeProc_Off": 1,
    "Other": 0,
    "Postcode": 3099,
    "Prop_Deception_Off": 12,
    "PublicOrder_Security_Off": 9,
    "Suburb": "Cottles Bridge",
    "Total": 30
  },
  {
    "Crimes_Against_Person": 183,
    "Drug_Off": 52,
    "JusticeProc_Off": 173,
    "Other": 23,
    "Postcode": 3754,
    "Prop_Deception_Off": 388,
    "PublicOrder_Security_Off": 54,
    "Suburb": "Doreen",
    "Total": 873
  },
  {
    "Crimes_Against_Person": 14,
    "Drug_Off": 0,
    "JusticeProc_Off": 11,
    "Other": 1,
    "Postcode": 3097,
    "Prop_Deception_Off": 19,
    "PublicOrder_Security_Off": 2,
    "Suburb": "Kangaroo Ground",
    "Total": 47
  },
  {
    "Crimes_Against_Person": 23,
    "Drug_Off": 1,
    "JusticeProc_Off": 16,
    "Other": 13,
    "Postcode": 3763,
    "Prop_Deception_Off": 24,
    "PublicOrder_Security_Off": 1,
    "Suburb": "Kinglake",
    "Total": 78
  },
  {
    "Crimes_Against_Person": 5,
    "Drug_Off": 0,
    "JusticeProc_Off": 3,
    "Other": 17,
    "Postcode": 3757,
    "Prop_Deception_Off": 23,
    "PublicOrder_Security_Off": 2,
    "Suburb": "Kinglake West",
    "Total": 50
  },
  {
    "Crimes_Against_Person": 2,
    "Drug_Off": 0,
    "JusticeProc_Off": 2,
    "Other": 0,
    "Postcode": 3099,
    "Prop_Deception_Off": 4,
    "PublicOrder_Security_Off": 0,
    "Suburb": "Nutfield",
    "Total": 8
  },
  {
    "Crimes_Against_Person": 3,
    "Drug_Off": 5,
    "JusticeProc_Off": 1,
    "Other": 1,
    "Postcode": 3759,
    "Prop_Deception_Off": 4,
    "PublicOrder_Security_Off": 0,
    "Suburb": "Panton Hill",
    "Total": 14
  },
  {
    "Crimes_Against_Person": 0,
    "Drug_Off": 0,
    "JusticeProc_Off": 0,
    "Other": 0,
    "Postcode": 3760,
    "Prop_Deception_Off": 4,
    "PublicOrder_Security_Off": 0,
    "Suburb": "Smiths Gully",
    "Total": 4
  },
  {
    "Crimes_Against_Person": 2,
    "Drug_Off": 1,
    "JusticeProc_Off": 1,
    "Other": 0,
    "Postcode": 3099,
    "Prop_Deception_Off": 2,
    "PublicOrder_Security_Off": 2,
    "Suburb": "Strathewen",
    "Total": 8
  },
  {
    "Crimes_Against_Person": 0,
    "Drug_Off": 0,
    "JusticeProc_Off": 0,
    "Other": 0,
    "Postcode": 3097,
    "Prop_Deception_Off": 0,
    "PublicOrder_Security_Off": 0,
    "Suburb": "Watsons Creek",
    "Total": 0
  },
  {
    "Crimes_Against_Person": 2,
    "Drug_Off": 5,
    "JusticeProc_Off": 0,
    "Other": 8,
    "Postcode": 3755,
    "Prop_Deception_Off": 7,
    "PublicOrder_Security_Off": 1,
    "Suburb": "Yan Yean",
    "Total": 23
  },
  {
    "Crimes_Against_Person": 7,
    "Drug_Off": 3,
    "JusticeProc_Off": 12,
    "Other": 7,
    "Postcode": 3091,
    "Prop_Deception_Off": 25,
    "PublicOrder_Security_Off": 4,
    "Suburb": "Yarrambat",
    "Total": 58
  },
  {
    "Crimes_Against_Person": 252,
    "Drug_Off": 103,
    "JusticeProc_Off": 352,
    "Other": 85,
    "Postcode": 3754,
    "Prop_Deception_Off": 762,
    "PublicOrder_Security_Off": 75,
    "Suburb": "Mernda",
    "Total": 1629
  },
  {
    "Crimes_Against_Person": 383,
    "Drug_Off": 137,
    "JusticeProc_Off": 398,
    "Other": 77,
    "Postcode": 3082,
    "Prop_Deception_Off": 978,
    "PublicOrder_Security_Off": 94,
    "Suburb": "Mill Park",
    "Total": 2067
  },
  {
    "Crimes_Against_Person": 222,
    "Drug_Off": 92,
    "JusticeProc_Off": 217,
    "Other": 56,
    "Postcode": 3752,
    "Prop_Deception_Off": 502,
    "PublicOrder_Security_Off": 50,
    "Suburb": "South Morang",
    "Total": 1139
  },
  {
    "Crimes_Against_Person": 455,
    "Drug_Off": 313,
    "JusticeProc_Off": 258,
    "Other": 196,
    "Postcode": 3074,
    "Prop_Deception_Off": 1200,
    "PublicOrder_Security_Off": 122,
    "Suburb": "Thomastown",
    "Total": 2544
  },
  {
    "Crimes_Against_Person": 16,
    "Drug_Off": 6,
    "JusticeProc_Off": 7,
    "Other": 11,
    "Postcode": 3064,
    "Prop_Deception_Off": 80,
    "PublicOrder_Security_Off": 2,
    "Suburb": "Donnybrook",
    "Total": 122
  },
  {
    "Crimes_Against_Person": 7,
    "Drug_Off": 0,
    "JusticeProc_Off": 10,
    "Other": 4,
    "Postcode": 3757,
    "Prop_Deception_Off": 3,
    "PublicOrder_Security_Off": 1,
    "Suburb": "Eden Park",
    "Total": 25
  },
  {
    "Crimes_Against_Person": 0,
    "Drug_Off": 1,
    "JusticeProc_Off": 0,
    "Other": 0,
    "Postcode": 3757,
    "Prop_Deception_Off": 9,
    "PublicOrder_Security_Off": 3,
    "Suburb": "Humevale",
    "Total": 13
  },
  {
    "Crimes_Against_Person": 75,
    "Drug_Off": 16,
    "JusticeProc_Off": 97,
    "Other": 13,
    "Postcode": 3757,
    "Prop_Deception_Off": 130,
    "PublicOrder_Security_Off": 45,
    "Suburb": "Whittlesea",
    "Total": 376
  },
  {
    "Crimes_Against_Person": 174,
    "Drug_Off": 53,
    "JusticeProc_Off": 150,
    "Other": 46,
    "Postcode": 3750,
    "Prop_Deception_Off": 528,
    "PublicOrder_Security_Off": 35,
    "Suburb": "Wollert",
    "Total": 986
  },
  {
    "Crimes_Against_Person": 3,
    "Drug_Off": 0,
    "JusticeProc_Off": 3,
    "Other": 1,
    "Postcode": 3751,
    "Prop_Deception_Off": 4,
    "PublicOrder_Security_Off": 0,
    "Suburb": "Woodstock",
    "Total": 11
  },
  {
    "Crimes_Against_Person": 68,
    "Drug_Off": 73,
    "JusticeProc_Off": 45,
    "Other": 48,
    "Postcode": 3147,
    "Prop_Deception_Off": 361,
    "PublicOrder_Security_Off": 21,
    "Suburb": "Ashburton",
    "Total": 616
  },
  {
    "Crimes_Against_Person": 92,
    "Drug_Off": 12,
    "JusticeProc_Off": 53,
    "Other": 9,
    "Postcode": 3104,
    "Prop_Deception_Off": 353,
    "PublicOrder_Security_Off": 12,
    "Suburb": "Balwyn North",
    "Total": 531
  },
  {
    "Crimes_Against_Person": 17,
    "Drug_Off": 2,
    "JusticeProc_Off": 10,
    "Other": 1,
    "Postcode": 3126,
    "Prop_Deception_Off": 153,
    "PublicOrder_Security_Off": 12,
    "Suburb": "Canterbury",
    "Total": 195
  },
  {
    "Crimes_Against_Person": 6,
    "Drug_Off": 0,
    "JusticeProc_Off": 3,
    "Other": 5,
    "Postcode": 3103,
    "Prop_Deception_Off": 38,
    "PublicOrder_Security_Off": 1,
    "Suburb": "Deepdene",
    "Total": 53
  },
  {
    "Crimes_Against_Person": 146,
    "Drug_Off": 53,
    "JusticeProc_Off": 79,
    "Other": 55,
    "Postcode": 3122,
    "Prop_Deception_Off": 1044,
    "PublicOrder_Security_Off": 54,
    "Suburb": "Hawthorn",
    "Total": 1431
  },
  {
    "Crimes_Against_Person": 95,
    "Drug_Off": 36,
    "JusticeProc_Off": 49,
    "Other": 24,
    "Postcode": 3123,
    "Prop_Deception_Off": 610,
    "PublicOrder_Security_Off": 32,
    "Suburb": "Hawthorn East",
    "Total": 846
  },
  {
    "Crimes_Against_Person": 195,
    "Drug_Off": 70,
    "JusticeProc_Off": 145,
    "Other": 91,
    "Postcode": 3101,
    "Prop_Deception_Off": 1039,
    "PublicOrder_Security_Off": 52,
    "Suburb": "Kew",
    "Total": 1592
  },
  {
    "Crimes_Against_Person": 37,
    "Drug_Off": 12,
    "JusticeProc_Off": 13,
    "Other": 20,
    "Postcode": 3127,
    "Prop_Deception_Off": 221,
    "PublicOrder_Security_Off": 5,
    "Suburb": "Mont Albert",
    "Total": 308
  },
  {
    "Crimes_Against_Person": 48,
    "Drug_Off": 2,
    "JusticeProc_Off": 50,
    "Other": 21,
    "Postcode": 3127,
    "Prop_Deception_Off": 287,
    "PublicOrder_Security_Off": 7,
    "Suburb": "Surrey Hills",
    "Total": 415
  },
  {
    "Crimes_Against_Person": 292,
    "Drug_Off": 206,
    "JusticeProc_Off": 338,
    "Other": 83,
    "Postcode": 3153,
    "Prop_Deception_Off": 1145,
    "PublicOrder_Security_Off": 114,
    "Suburb": "Bayswater",
    "Total": 2178
  },
  {
    "Crimes_Against_Person": 715,
    "Drug_Off": 254,
    "JusticeProc_Off": 555,
    "Other": 201,
    "Postcode": 3805,
    "Prop_Deception_Off": 1568,
    "PublicOrder_Security_Off": 165,
    "Suburb": "Narre Warren",
    "Total": 3458
  },
  {
    "Crimes_Against_Person": 237,
    "Drug_Off": 51,
    "JusticeProc_Off": 283,
    "Other": 56,
    "Postcode": 3024,
    "Prop_Deception_Off": 523,
    "PublicOrder_Security_Off": 38,
    "Suburb": "Wyndham Vale",
    "Total": 1188
  },
  {
    "Crimes_Against_Person": 324,
    "Drug_Off": 192,
    "JusticeProc_Off": 260,
    "Other": 138,
    "Postcode": 3150,
    "Prop_Deception_Off": 1333,
    "PublicOrder_Security_Off": 95,
    "Suburb": "Glen Waverly",
    "Total": 2342
  },
  {
    "Crimes_Against_Person": 34,
    "Drug_Off": 8,
    "JusticeProc_Off": 30,
    "Other": 26,
    "Postcode": 3030,
    "Prop_Deception_Off": 115,
    "PublicOrder_Security_Off": 3,
    "Suburb": "Werribee South",
    "Total": 216
  },
  {
    "Crimes_Against_Person": 442,
    "Drug_Off": 114,
    "JusticeProc_Off": 219,
    "Other": 154,
    "Postcode": 3029,
    "Prop_Deception_Off": 1282,
    "PublicOrder_Security_Off": 105,
    "Suburb": "Tarneit",
    "Total": 2316
  },
  {
    "Crimes_Against_Person": 136,
    "Drug_Off": 11,
    "JusticeProc_Off": 60,
    "Other": 36,
    "Postcode": 3024,
    "Prop_Deception_Off": 277,
    "PublicOrder_Security_Off": 24,
    "Suburb": "Manor Lakes",
    "Total": 544
  },
  {
    "Crimes_Against_Person": 35,
    "Drug_Off": 23,
    "JusticeProc_Off": 11,
    "Other": 30,
    "Postcode": 3026,
    "Prop_Deception_Off": 588,
    "PublicOrder_Security_Off": 15,
    "Suburb": "Laverton North",
    "Total": 702
  },
  {
    "Crimes_Against_Person": 127,
    "Drug_Off": 61,
    "JusticeProc_Off": 70,
    "Other": 50,
    "Postcode": 3162,
    "Prop_Deception_Off": 506,
    "PublicOrder_Security_Off": 42,
    "Suburb": "Caulfield",
    "Total": 856
  },
  {
    "Crimes_Against_Person": 132,
    "Drug_Off": 103,
    "JusticeProc_Off": 141,
    "Other": 49,
    "Postcode": 3028,
    "Prop_Deception_Off": 450,
    "PublicOrder_Security_Off": 52,
    "Suburb": "Altona Meadows",
    "Total": 927
  },
  {
    "Crimes_Against_Person": 155,
    "Drug_Off": 104,
    "JusticeProc_Off": 140,
    "Other": 71,
    "Postcode": 3020,
    "Prop_Deception_Off": 820,
    "PublicOrder_Security_Off": 63,
    "Suburb": "Sunshine North",
    "Total": 1353
  },
  {
    "Crimes_Against_Person": 322,
    "Drug_Off": 90,
    "JusticeProc_Off": 100,
    "Other": 67,
    "Postcode": 3170,
    "Prop_Deception_Off": 791,
    "PublicOrder_Security_Off": 83,
    "Suburb": "Mulgrave",
    "Total": 1453
  },
  {
    "Crimes_Against_Person": 61,
    "Drug_Off": 11,
    "JusticeProc_Off": 39,
    "Other": 7,
    "Postcode": 3168,
    "Prop_Deception_Off": 124,
    "PublicOrder_Security_Off": 2,
    "Suburb": "Notting Hill",
    "Total": 244
  },
  {
    "Crimes_Against_Person": 120,
    "Drug_Off": 53,
    "JusticeProc_Off": 131,
    "Other": 45,
    "Postcode": 3169,
    "Prop_Deception_Off": 608,
    "PublicOrder_Security_Off": 42,
    "Suburb": "Clayton South",
    "Total": 999
  },
  {
    "Crimes_Against_Person": 158,
    "Drug_Off": 56,
    "JusticeProc_Off": 140,
    "Other": 86,
    "Postcode": 3039,
    "Prop_Deception_Off": 762,
    "PublicOrder_Security_Off": 56,
    "Suburb": "Moonee Ponds",
    "Total": 1258
  },
  {
    "Crimes_Against_Person": 37,
    "Drug_Off": 10,
    "JusticeProc_Off": 26,
    "Other": 19,
    "Postcode": 3042,
    "Prop_Deception_Off": 159,
    "PublicOrder_Security_Off": 7,
    "Suburb": "Niddrie",
    "Total": 258
  },
  {
    "Crimes_Against_Person": 129,
    "Drug_Off": 83,
    "JusticeProc_Off": 74,
    "Other": 68,
    "Postcode": 3032,
    "Prop_Deception_Off": 983,
    "PublicOrder_Security_Off": 77,
    "Suburb": "Maribyrnong",
    "Total": 1414
  }
]